incident_id,incident_date,matched_company,ticker,CIK,listing_status,role,severity_tier,severity_source,disclosure_code,code_confidence,accounting_filing_item,accounting_booked_impact,evidence,rationale,title
82,2020-10-21,"Meta Platforms, Inc.",META,1326801,LISTED,both,T2-moderate,CSET,T3,high,,,FY2020 10-K carries misinformation-handling and objectionable-content risk language. No filing references the #LekkiMassacre / #EndSARS content mislabeled as false.,Fact-check mislabeling captured only by family-level misinformation-handling risk language; event not named. T3.,#LekkiMassacre: Why Facebook labelled content from October 20 incident ‘false’
84,2020-10-09,"Meta Platforms, Inc.",META,1326801,LISTED,both,T2-moderate,CSET,T3,high,,,FY2020 10-K explicitly addresses misinformation handling around COVID-19 and elections ('negative publicity in connection with our handling of misinformation... including in connection with the COVID-19 pandemic and elections'). No filing references the Avaaz study finding 42% of false posts unlabel,Misinformation-labeling shortfall captured squarely by the family-level COVID/election misinformation risk language; study/event not named. T3.,"Tiny Changes Let False Claims About COVID-19, Voting Evade Facebook Fact Checks"
81,2020-10-21,Alphabet Inc.,GOOGL,1652044,LISTED,developer,T2-moderate,CSET,T3,medium,,,Window 2020-10-21 to 2021-10-21. In-window FY2020 10-K (filed 2021-02-03) carries the AI/ML ethical-challenges risk factor covering algorithmic bias. Chest X-ray classifier bias is an academic study of Google-associated AI; fits the AI/ML 'ethical challenges' family but is tangential to Alphabet's c,Third-party research on AI bias covered by generic AI/ML ethical risk language; event not named; Alphabet role tangential.,"Researchers find evidence of racial, gender, and socioeconomic bias in chest X-ray classifiers"
83,2020-10-22,Microsoft Corporation,MSFT,789019,LISTED,developer,T2-moderate,CSET,T4,high,,,"Window 2020-10-22..2021-10-22. In-window annual report FY2021 10-K (0001564590-21-039151, 2021-07-29) treats AI only as a competitive line; no AI-harm/bias risk factor. Outlook spam-filter bias study (AlgorithmWatch) not named; no proceeding disclosed.",Pre-FY2023: no in-window AI-harm/bias risk-factor language; event unnamed. T4.,AI Spam Filters Allegedly Block Legitimate Emails Based on Biased Keyword Detection
97,2020-10-22,"Tesla, Inc.",TSLA,1318605,LISTED,both,T2-moderate,CSET,T3,high,,,Window (2020-10 to 2021-10) includes FY2020 10-K (2021-02) and FY2021 10-K (2022-02) with Autopilot vision/perception reliability risk language. The flag-misread-as-traffic-light perception glitch is not named in any filing.,Perception-error demonstration not disclosed; Tesla's vision-based self-driving reliability risk language is same-family = T3.,Tesla Autopilot Mistakes Red Letters on Flag for Red Traffic Lights
92,2019-11-11,The Goldman Sachs Group Inc.,GS,886982,LISTED,deployer,T3-severe,CSET,T3,medium,,,"Goldman Sachs (CIK 0000886982). The FY2019 10-K (0001193125-20-043853, 2020-02-21) carries 'fair lending' risk language (efts: 1 hit) -- the same-family consumer-credit/algorithmic-underwriting fair-lending regulatory-risk channel. 'Apple Card' appears in in-window quarterly-earnings 8-Ks (e.g., 201",The specific Apple Card gender-bias episode/DFS inquiry is not named in Goldman's filings; only same-family fair-lending/consumer-credit underwriting risk language is present in the in-window 10-K. T3.,Apple Card's Credit Assessment Algorithm Allegedly Discriminated against Women
89,2019-03-15,Alphabet Inc.,GOOGL,1652044,PARENT,both,T3-severe,CSET,T3,high,,,"Window 2019-03-15 to 2020-03-15. FY2018 10-K (2019-02-05) predates window; in-window FY2019 10-K (0001652044-20-000008, filed 2020-02-04) carries the AI/ML 'ethical, technological, legal, regulatory... challenges... negatively affect our brands' risk factor. Christchurch/radicalization allegation ab",Recommendation-algorithm radicalization harm covered by generic AI/ML risk factor via in-window FY2019 10-K; event not named.,The Christchurch shooter and YouTube’s radicalization trap
105,2019-08-24,"Tesla, Inc.",TSLA,1318605,LISTED,both,T3-severe,CSET,T3,high,,,Window (2019-08 to 2020-08) includes FY2019 10-K (0001564590-20-004475) Autopilot death/injury risk language. No filing names the California Model 3-into-Ford-Explorer fatality of a 15-year-old.,Fatal Autopilot crash not individually disclosed; generic Autopilot risk-factor language only = T3.,"Tesla Model 3 on Autopilot Crashed into a Ford Explorer Pickup, Killing a Fifteen-Year-Old in California"
113,2020-06-27,"Meta Platforms, Inc.",META,1326801,LISTED,both,T2-moderate,CSET,T3,high,,,FY2020 10-K (fb-20201231.htm) carries reliance-on-AI and objectionable/offensive-content risk language. No filing references the AI 'Primates' mislabel on a video of Black men; no legal proceeding exists.,"AI image-classification error (offensive label, no legal consequence) captured only by family-level AI/objectionable-content risk language; event not named. T3.","Facebook's AI Put ""Primates"" Label on Video Featuring Black Men"
102,2020-03-23,Microsoft Corporation,MSFT,789019,LISTED,both,T2-moderate,CSET,T4,high,,,"Incident window 2020-03-23..2021-03-23. Only in-window annual report is FY2020 10-K (0001564590-20-034944, 2020-07-30), which mentions AI solely as a business/competitive capability and contains NO AI-harm or algorithmic-bias risk-factor language; in-window 10-Qs incorporate 10-K risk factors by ref",Pre-FY2023: no in-window AI risk-factor language of the bias/discrimination family; event not disclosed. T4.,"Personal voice assistants struggle with black voices, new study shows"
116,2021-09-20,"Amazon.com, Inc.",AMZN,1018724,LISTED,deployer,T3-severe,CSET,T3,medium,,,"Window 2021-09-20 to 2022-09-20. In-window FY2021 10-K (0001018724-22-000005, filed 2022-02-04) carries generic AI/ML risk language. AI-camera automated performance-evaluation of delivery drivers is not named; no related legal proceeding disclosed.",Generic AI/algorithm risk language of same family present; specific system/event not named => T3.,Amazon's AI Cameras Incorrectly Penalized Delivery Drivers for Mistakes They Did Not Make
129,2021-03-01,"Meta Platforms, Inc.",META,1326801,LISTED,both,T2-moderate,CSET,T3,high,,,FY2020 10-K (in-window) carries reliance-on-AI content-review and hate-speech/objectionable-content risk language; the subsequent FY2021 10-K (0001326801-22-000018) risk factors acknowledge the September-2021 former-employee scrutiny generically but do not name specific internal findings. No filing ,Internal-document hate-speech-removal shortfall captured only by family-level automated-moderation risk language (and generic former-employee-scrutiny language); the specific finding is not named. T3.,"Facebook's Automated Tools Failed to Adequately Remove Hate Speech, Violence, and Incitement"
144,2020-06-28,Alphabet Inc.,GOOGL,1652044,PARENT,both,T1-limited,CSET,T3,high,,,"Window 2020-06-28 to 2021-06-28. In-window FY2020 10-K (goog-20201231.htm, filed 2021-02-03) carries the AI/ML ethical/brand risk factor. YouTube AI hate-speech detector falsely banning chess creators is within the AI content-moderation risk family. Not named in any filing; Legal Matters antitrust-o",AI moderation false-positive covered by generic AI/ML risk language; event not specifically disclosed.,YouTube's AI Mistakenly Banned Chess Channel over Chess Language Misinterpretation
160,2021-12-26,"Amazon.com, Inc.",AMZN,1018724,LISTED,both,T2-moderate,CSET,T3,medium,,,"Window 2021-12-26 to 2022-12-26. In-window FY2021 10-K (0001018724-22-000005, filed 2022-02-04) carries generic AI/ML risk language plus product-liability and objectionable-content risk factors. Alexa's harmful 'penny challenge' recommendation is not named; the only Alexa legal matter disclosed is a",Alexa is an Amazon AI system covered by generic AI and product-safety/content risk language; incident not named => T3.,Alexa Recommended Dangerous TikTok Challenge to Ten-Year-Old Girl
161,2019-04-03,"Meta Platforms, Inc.",META,1326801,LISTED,both,T2-moderate,rubric,T3,medium,,,"In-window annuals are Facebook FY2018 10-K (0001326801-19-000009) and FY2019 10-K (0001326801-20-000013, fb-12312019x10k.htm, 2020-01-30), whose Item 1A carries family-level advertising and content risk language ('changes reduce our ability to effectively target ads... adversely affected our adverti",Ad-delivery skew along racial/gender lines surfaces only as family-level advertising + objectionable-content + generic government-scrutiny risk language; the specific fair-housing/HUD ad-discrimination matter is not named in any in-window periodic filing. Conservative T3 (medium: a live regulatory m,Facebook's Ad Delivery Reportedly Excluded Audience along Racial and Gender Lines
168,2022-03-01,"Meta Platforms, Inc.",META,1326801,LISTED,both,T2-moderate,rubric,T3,medium,,,FY2022 10-K (0001326801-23-000013) recommendation/ranking-algorithm and metrics language ('algorithm or other technical errors'; 'statistical variances and uncertainties'); FY2023 10-K lists AI risks including 'bias'. Popularity-bias in collaborative filtering is a generic technical characterization,Same-family recommender-bias risk language present; no specific disclosed event. T3.,"Collaborative Filtering Prone to Popularity Bias, Resulting in Overrepresentation of Popular Items in the Recommendation Outputs"
153,2019-12-29,"Tesla, Inc.",TSLA,1318605,LISTED,both,T3-severe,CSET,T3,high,,,Window (2019-12 to 2020-12) includes FY2019 10-K (0001564590-20-004475) Autopilot death/injury risk language. The Gardena red-light Autopilot fatality (two killed; driver later criminally charged) is not named in any filing.,High-profile fatal Autopilot crash and driver prosecution never disclosed in SEC filings; generic Autopilot risk language only = T3.,"Tesla Driver on Autopilot Ran a Red Light, Crashing into a Car and Killing Two People in Los Angeles"
145,2021-07-23,"Tesla, Inc.",TSLA,1318605,LISTED,both,T2-moderate,CSET,T3,high,,,Window (2021-07 to 2022-07) includes FY2021 10-K (2022-02) with Autopilot vision-perception reliability risk language. The moon-mistaken-for-yellow-light perception glitch is not named in any filing.,Perception-error demonstration not disclosed; same-family Autopilot reliability risk language = T3.,Tesla's Autopilot Misidentified the Moon as Yellow Stop Light
141,2021-02-05,"Meta Platforms, Inc.",META,1326801,PARENT,both,T1-limited,rubric,T3,high,,,FY2020 10-K carries reliance-on-automated-systems and content-enforcement risk language (including IP/copyright-enforcement obligations). No filing references the police officer exploiting Instagram's automated copyright (DMCA) detection.,Automated copyright-detection behavior (no Meta legal consequence) captured only by family-level automated-enforcement risk language; event not named. T3.,California Police Turned on Music to Allegedly Trigger Instagram’s DCMA to Avoid Being Live-Streamed
125,2020-09-29,"Amazon.com, Inc.",AMZN,1018724,LISTED,both,T3-severe,CSET,T3,low,,,"Window 2020-09-29 to 2021-09-29. In-window FY2020 10-K (0001018724-21-000004, filed 2021-02-03) carries generic AI/ML risk language and describes robotics/automation and safety investment in the Business section. No risk factor addresses robotic-fulfillment injury rates; the event is not named and d","Robotics/automation is an AI-adjacent Amazon system covered by generic AI/ML risk language; incident not named. Family match is weak (workplace-injury framing absent), hence low confidence, but generic same-family language present => T3 over T4.",Amazon’s Robotic Fulfillment Centers Have Higher Serious Injury Rates
156,2022-02-04,"Amazon.com, Inc.",AMZN,1018724,LISTED,both,T3-severe,CSET,T3,medium,,,"Window 2022-02-04 to 2023-02-04. In-window FY2021 10-K (0001018724-22-000005, filed 2022-02-04) and 2022 10-Qs carry generic AI/ML risk language plus the product-liability and fraudulent/objectionable-goods risk factors. Recommendation-system surfacing of suicide-aid products / 'frequently bought to",Recommendation-algorithm + product harm covered by generic AI/algorithm and product-liability/objectionable-content risk language; event not named => T3.,Amazon Reportedly Sold Products and Recommended Frequently Bought Together Items That Aid Suicide Attempts
143,2021-02-16,"Meta Platforms, Inc.",META,1326801,LISTED,both,T2-moderate,CSET,T3,high,,,FY2020 10-K carries reliance-on-AI content-review and harmful/objectionable-content risk language. No filing references the failure to moderate small-language (Balkan) content.,Language-coverage moderation gap captured only by family-level content-moderation risk language; event not named. T3.,Facebook’s and Twitter's Automated Content Moderation Reportedly Failed to Effectively Enforce Violation Rules for Small Language Groups
157,2021-03-15,"Amazon.com, Inc.",AMZN,1018724,LISTED,both,T3-severe,CSET,T3,medium,,,"Window 2021-03-15 to 2022-03-15. In-window FY2021 10-K (0001018724-22-000005, filed 2022-02-04) carries generic AI/ML risk language. The AI driver-monitoring system and the individual crash tort suit are not named; Legal Proceedings names no delivery-driver matter (individual tort, immaterial).",Individual tort suit not disclosed (no T2). Generic AI/algorithm risk language of same family present; event not named => T3.,"Amazon's Monitoring System Allegedly Pushed Delivery Drivers to Prioritize Speed over Safety, Leading to Crash"
139,2021-01-21,"Amazon.com, Inc.",AMZN,1018724,LISTED,both,T2-moderate,CSET,T3,medium,,,"Window 2021-01-21 to 2022-01-21. In-window FY2020 10-K (0001018724-21-000004, filed 2021-02-03) and 2021 10-Qs carry generic AI/ML risk language plus the fraudulent/unlawful/objectionable seller-content risk factor. Search/recommendation-algorithm surfacing of vaccine-misinformation products is not ",Recommendation/algorithm harm covered by generic AI/algorithm and objectionable-content risk language; event not named => T3.,Amazon’s Search and Recommendation Algorithms Found by Auditors to Have Boosted Products That Contained Vaccine Misinformation
142,2021-02-11,"Meta Platforms, Inc.",META,1326801,LISTED,both,T2-moderate,CSET,T3,high,,,FY2020 10-K (in-window; incident 2021-02-11) carries reliance-on-AI content/ad-review and objectionable-content risk language. No filing references adaptive-fashion products misclassified as medical equipment.,Automated ad-classification error captured only by family-level ad-moderation risk language; event not named. T3.,Facebook's Advertisement Moderation System Allegedly Routinely Misidentified Adaptive Fashion Products as Medical Equipment and Blocked Their Sellers
149,2021-11-02,"Zillow Group, Inc.",ZG,1617640,LISTED,deployer,T3-severe,CSET,T1,high,"8-K Item 8.01 (Other Events) narrative winding down Zillow Offers, with the associated inventory write-down reported alongside Item 2.02 (Results of Operations) results / earnings release. NOTE: contrary to the task's reference guess, this 8-K is captioned under Items 2.02 and 8.01, NOT Item 2.05 (Costs Associated with Exit or Disposal Activities); the Homes-segment inventory write-down is the accounting vehicle.","yes -- ~$304 million Q3-2021 Homes-segment inventory write-down (lower-of-cost-or-net-realizable-value adjustment on homes bought above current expected selling prices), with a further $240-265 million of losses guided for Q4-2021; Homes-segment Q3-2021 loss of $421.6M.","Zillow Group (CIK 0001617640). 8-K filed 2021-11-02 (0001617640-21-000085), covering Item 2.02 (Results of Operations) and Item 8.01 (Other Events). It explicitly announces winding down Zillow Offers/the Homes segment and states the reason verbatim: 'We've determined the unpredictability in forecast","Clear T1 disclosed-specific: the 8-K names the Zillow Offers shutdown, attributes it explicitly to the predictive pricing tool's inability to forecast home prices, and books a ~$304M inventory write-down plus $240-265M of guided Q4 losses -- the key accounting-channel incident of this batch (recorde",Zillow Shut Down Zillow Offers Division Allegedly Due to Predictive Pricing Tool's Insufficient Accuracy
124,2019-10-24,UnitedHealth Group Inc.,UNH,731766,PARENT,developer,T3-severe,CSET,T4,high,,,"In-window annual: FY2019 10-K (window 2019-10-24 to 2020-10-24). Same evidentiary base as incident 501: no 'artificial intelligence'/'AI/ML' language in UNH 10-Ks before FY2023; 'algorithm' in zero UNH 10-Ks; the Optum health-risk-score racial-bias study (Obermeyer et al., Science, Oct 2019) is not ",Event not named; no AI/algorithm same-family risk language in the in-window FY2019 10-K. No disclosure located => T4.,Optum Algorithmic Health Risk Scores Reportedly Underestimated Black Patients' Needs
159,2019-03-29,"Tesla, Inc.",TSLA,1318605,LISTED,both,T1-limited,rubric,T3,high,,,Window (2019-03 to 2020-03) includes FY2019 10-K (0001564590-20-004475) with Autopilot/self-driving technology and 'claimed failures of new technologies' risk language. No filing references the Tencent Keen adversarial-attack security research.,Third-party security-research demonstration; not disclosed. Autopilot/self-driving reliability risk language is same-family = T3.,Tesla Autopilot’s Lane Recognition Allegedly Vulnerable to Adversarial Attacks
127,2020-06-06,Microsoft Corporation,MSFT,789019,LISTED,both,T3-severe,CSET,T4,high,,,"Window 2020-06-06..2021-06-06. Only in-window annual report is FY2020 10-K (0001564590-20-034944), AI-as-business-only, no AI-harm/bias risk factor. MSN algorithmic mis-selection of a mixed-race person's photo never referenced; no legal proceeding disclosed.",Pre-FY2023 window lacks AI risk-factor language of the same (bias) family; not named. T4.,Microsoft’s Algorithm Allegedly Selected Photo of the Wrong Mixed-Race Person Featured in a News Story
163,2021-11-21,"Meta Platforms, Inc.",META,1326801,LISTED,both,T1-limited,rubric,T3,high,,,"efts q='hate speech' returns only generic 10-K risk-factor usage, not the event. FY2021 10-K addresses 'hate speech, and other content' handling and content-moderation failure risk. Internal-research finding (hate-speech detection under-removing content harming minority groups, Facebook Papers) not ",Same-family harmful-content / moderation-failure and algorithmic-bias risk language present; specific internal finding not disclosed. T3.,Facebook’s Hate Speech Detection Algorithms Allegedly Disproportionately Failed to Remove Racist Content towards Minority Groups
203,2022-02-10,"Uber Technologies, Inc.",UBER,1543151,LISTED,both,T1-limited,rubric,T3,medium,,,In-window annuals: FY2021 10-K filed 2022-02-24 (acc 0001543151-22-000008) and FY2022 10-K filed 2023-02-21. 'artificial intelligence' is present in these 10-Ks (efts FY2020+); the standalone word 'algorithm' first appears in Uber 10-Ks at FY2023 (efts q=algorithm&forms=10-K: FY2023-FY2025). Uber's ,"Pricing/pay-algorithm and driver-dissatisfaction risks are disclosed generically (with AI/ML risk language present in-window); the specific upfront-fares algorithm rollout is not named. Same-family generic risk, event not named => T3.",Uber Launched Opaque Algorithm That Changes Drivers' Payments in the US
213,2020-07-01,"Meta Platforms, Inc.",META,1326801,LISTED,both,T1-limited,rubric,T3,high,,,FY2020 10-K carries advertising and automated-detection/misinformation risk language ('effectively target ads'; 'misinformation... including... elections'). No filing references researcher findings on uneven political-ad detection error rates.,Political-ad-detection performance captured only by family-level advertising + election-integrity risk language; event not named. T3.,Facebook’s Political Ad Detection Reportedly Showed High and Geographically Uneven Error Rates
175,2022-04-01,General Motors Company,GM,1467858,PARENT,both,T1-limited,rubric,T3,high,,,"GM FY2022 10-K (0001467858-23-000029, 2023-01-31) carries AV risk-factor language re accidents/regulatory scrutiny. No filing references the April-2022 Cruise-fled-police SF episode; no incident-specific hits in efts.","Widely-reported but immaterial operational episode; not named in filings, only family-level AV/regulatory risk language present.",Cruise Autonomous Taxi Allegedly Bolted off from Police After Being Pulled over in San Francisco
178,2022-04-21,"Tesla, Inc.",TSLA,1318605,LISTED,both,T1-limited,rubric,T3,high,,,Window (2022-04 to 2023-04) includes FY2021 10-K (2022-02) and FY2022 10-K (2023-01). The Smart Summon collision with a Vision Jet aircraft in Spokane is not named in any filing.,Automated-summon feature incident not disclosed; same-family automated-driving/driver-assist risk language present = T3.,"Tesla Owner Activated ""Smart Summon"" Feature, Causing a Collision with an Aircraft in a Washington Airport"
220,2020-11-11,"Meta Platforms, Inc.",META,1326801,LISTED,both,T3-severe,CSET,T3,high,,,FY2020 10-K (0001326801-21-000014) ties heavier reliance on AI (with less human review) to content/ad enforcement during the remote-work/COVID period ('rely more heavily on artificial intelligence to perform tasks') and carries advertising risk language. No filing references the erroneous blocking o,Automated ad-blocking false-positive captured squarely by family-level reliance-on-AI content/ad-enforcement risk language; event not named. T3.,Facebook Mistakenly Blocked Small Business Ads
221,2022-03-07,"Tesla, Inc.",TSLA,1318605,LISTED,both,T3-severe,rubric,T3,high,,,Window (2022-03 to 2023-03) includes FY2021 10-K (2022-02) and FY2022 10-K (2023-01) with Autopilot crash/death risk language. The Taiwan Autopilot crash and road-engineer fatality is not named in any filing.,Foreign Autopilot crash not disclosed; generic same-family Autopilot risk language only = T3.,A Road Engineer Killed Following a Collision Involving a Tesla on Autopilot
181,2022-02-11,General Motors Company,GM,1467858,PARENT,both,T2-moderate,rubric,T3,high,,,"GM FY2021 10-K (0001467858-22-000034, 2022-02-02) and FY2022 10-K (0001467858-23-000029, 2023-01-31) both carry autonomous-vehicle risk-factor language: 'Our AV strategy is dependent upon our ability to successfully mitigate unique technological, operational and regulatory risks... To the extent acc",Minor Cruise AV fender-bender never named in any GM filing; only the family-level autonomous-driving accident/liability risk language is present in the in-window 10-Ks.,"BMW Sedan Made a Prohibited Left Turn, Colliding with a Cruise Autonomous Vehicle"
209,2020-10-20,"Tesla, Inc.",TSLA,1318605,LISTED,both,T1-limited,rubric,T3,high,,,"The FSD 'rolling stop' functionality that was recalled (NHTSA recall 22V-085, Feb 2022) is NOT disclosed: efts 'rolling stop'=0 hits across all Tesla filings. In-window FY2020/FY2021 10-Ks carry generic FSD risk and generic 'recall' language, but the specific recall is never referenced.","The specific regulatory consequence (the FSD rolling-stop recall) does not appear in filings, so not T2; only generic FSD risk-factor language of the same family is present = T3.",Tesla Disabled “Rolling Stop” Functionality Associated with the “Aggressive” Driving Mode
215,2020-04-01,"Meta Platforms, Inc.",META,1326801,LISTED,both,T1-limited,rubric,T3,high,,,"FY2020 10-K (0001326801-21-000014) states adverse impacts from 'limitations on our safety, security, and content review efforts while our workforce is working remotely, such as the necessity to rely more heavily on artificial intelligence to perform tasks' — directly the same family as inadequate AI",Inadequate-AI-moderation / moderator-conditions issue captured by family-level reliance-on-AI content-review risk language; event and moderator settlement not named as legal proceedings. T3.,Facebook Content Moderators Demand Better Working Conditions Due to Allegedly Inadequate AI Content Moderation
208,2021-05-01,"Tesla, Inc.",TSLA,1318605,LISTED,both,T1-limited,rubric,T3,high,,,The phantom-braking / Tesla Vision issue and the resulting NHTSA inquiry (PE22-002) are NOT disclosed: efts 'phantom braking'=0 hits. In-window FY2021 10-K (2022-02) carries the vision-based-sensor reliability risk factor ('may ... result in initial functional disparities from prior iterations') but,"Specific NHTSA phantom-braking investigation not disclosed, so not T2; generic vision-based self-driving reliability risk language is same-family = T3.","Tesla Phantom Braking Complaints Surged, Allegedly Linked to Tesla Vision Rollout"
211,2021-12-11,"Tesla, Inc.",TSLA,1318605,LISTED,developer,T3-severe,rubric,T3,high,,,"Window (2021-12 to 2022-12) includes FY2021 10-K (2022-02) and 2022 10-Qs carrying Autopilot/FSD and sudden-acceleration/product-liability-type risk language. The Paris Model 3 taxi crash (SUA allegation, ~20 injured) is not named in any filing.",Foreign crash/SUA allegation not individually disclosed; generic same-family driver-assist/vehicle risk language only = T3.,A Tesla Taxi Cab Involved in an Accident in Paris with Twenty Injuries
187,2022-02-04,"Tesla, Inc.",TSLA,1318605,LISTED,developer,T1-limited,rubric,T3,high,,,Window (2022-02 to 2023-02) includes FY2021 10-K (2022-02) and FY2022 10-K (2023-01) with FSD Beta driver-assist risk language. The YouTuber FSD-Beta bollard-collision test is not named in any filing.,FSD Beta demonstration not disclosed; same-family FSD/driver-assist risk language present = T3.,"YouTuber Tested Tesla on Self Driving Mode, Colliding with Street Pylons"
218,2020-06-01,"Tesla, Inc.",TSLA,1318605,LISTED,both,T1-limited,rubric,T3,high,,,"Window (2020-06 to 2021-06) includes the FY2020 10-K (filed 2021-02) and FY2019 10-K, both carrying Autopilot crash/product-liability risk language. The Taiwan overturned-truck Autopilot crash is not named in any filing.",Foreign Autopilot crash not disclosed; generic same-family Autopilot risk language only = T3.,Tesla on Autopilot Crashed into Flipped Truck on Taiwan Highway
197,2021-10-01,"Meta Platforms, Inc.",META,1326801,LISTED,both,T1-limited,rubric,T3,high,,,FY2021 10-K (0001326801-22-000018) Risk Factors: 'we also may fail to respond expeditiously or appropriately to the sharing of objectionable content'; News Feed ranking algorithm 'susceptible to algorithm or other technical errors'. Event (internal ranking-algorithm bug allowing harmful content to e,"Same-family content-moderation-failure and algorithm-error risk language present in the contemporaneous 10-K, but the specific incident is not disclosed. Classic T3.","Facebook Internally Reported Failure of Ranking Algorithm, Exposing Harmful Content to Viewers over Months"
230,2019-03-01,"Tesla, Inc.",TSLA,1318605,LISTED,both,T1-limited,rubric,T3,high,,,"Window (2019-03 to 2020-03) includes the FY2019 10-K (0001564590-20-004475, 2020-02-13) with Autopilot 'crashes resulting in death or personal injury' risk language, plus 2019 10-Qs. No filing names this Florida Model 3-into-tractor-trailer fatality; efts shows no incident-specific or legal referenc",Fatal Autopilot crash under NTSB/NHTSA review but never disclosed as such in SEC filings; only generic Autopilot/FSD death-and-injury risk-factor language present in-window. Generic same-family risk language = T3.,"Model 3 Tesla on Autopilot Crashed into a Truck in Florida, Killing Driver"
228,2019-02-01,Apple Inc.,AAPL,320193,LISTED,both,T1-limited,rubric,T4,high,,,"For the 2019-02-01 Apple Maps incident, the in-window 10-K is Apple FY2019 (filed 2019-10-30). Full-text search confirms neither 'artificial intelligence' nor 'machine learning' appears in any Apple 10-K before FY2023 (first appearance filed 2023-11-03), so the in-window filing contains NO same-fami",No AI-family risk language existed in Apple 10-Ks in the incident window and no legal-proceedings disclosure names the event. No disclosure located. T4.,Apple Maps Allegedly Directed Ski Trip Couple Onto Unpaved Road in the Mountains
240,2021-06-29,Microsoft Corporation,MSFT,789019,PARENT,both,T1-limited,rubric,T4,high,,,"Window 2021-06-29..2022-06-29. In-window annual report FY2021 10-K (0001564590-21-039151) has AI-as-business-only, no AI-IP/copyright risk factor. efts 'GitHub' hits in MSFT filings are routine business mentions, not litigation. The Doe v. GitHub/Copilot class action was filed Nov 2022, outside the ",Pre-FY2023 window lacks AI IP/copyright risk-factor language; no in-window litigation; unnamed. T4.,"GitHub Copilot, Copyright Infringement and Open Source Licensing"
271,2022-07-24,"Tesla, Inc.",TSLA,1318605,LISTED,both,T3-severe,rubric,T3,high,,,Window (2022-07 to 2023-07) includes FY2022 10-K (2023-01) with Autopilot crash/death risk language plus 2023 10-Qs. The Utah Model 3-Autopilot motorcyclist fatality is not named in any filing.,Fatal Autopilot crash not individually disclosed; generic same-family Autopilot risk language only = T3.,Tesla Model 3 Sedan on Autopilot Killed Motorcyclist in a Rear-End Collision in Utah
268,2020-03-16,"Meta Platforms, Inc.",META,1326801,LISTED,both,T1-limited,rubric,T3,high,,,FY2020 10-K (0001326801-21-000014) carries reliance-on-AI content-review and objectionable-content risk language. No filing references the concern that automated permanent removal of terrorism/extremist content without archival hindered criminal investigations.,Automated content-removal side-effect captured only by family-level content-moderation risk language; event not named. T3.,Permanent Removal of Social Media Content via Automated Tools Allegedly Prevented Investigative Efforts
255,2020-05-31,"SoundThinking, Inc.",SSTI,1351636,LISTED,developer,T1-limited,rubric,T3,high,,,"Correct issuer CIK 1351636 (SoundThinking f/k/a ShotSpotter). In-window annual: FY2019 10-K filed 2020-03-13 and FY2020 10-K filed 2021-03-29 (acc 0001564590-21-016134, ssti-10k_20201231.htm). The term 'accuracy' appears in every ShotSpotter/SoundThinking 10-K FY2017-FY2025 (efts, CIK 1351636). The ","Gunshot-detection accuracy/false-alert reliability is the exact family the company discloses as a standing risk factor in every 10-K, but the specific Michael Williams / Chicago matter is not named. Same-family generic risk language present, event not named => T3.",Unreliable ShotSpotter Audio Previously Used to Convict Chicago Man in Murder Case
253,2022-05-18,General Motors Company,GM,1467858,PARENT,both,T1-limited,rubric,T3,high,,,"GM FY2022 10-K (0001467858-23-000029, 2023-01-31) AV risk factor present. No filing references the May-2022 Cruise connectivity-loss traffic-blockage event; no incident-specific efts hits.",Operational stall/blockage not disclosed; only family-level AV technological/operational risk language present in the in-window 10-K.,"Cruise's Self-Driving Cars Allegedly Lost Connection to Their Server, Causing Traffic Blockages in San Francisco"
256,2021-11-07,"SoundThinking, Inc.",SSTI,1351636,LISTED,developer,T1-limited,rubric,T3,high,,,"In-window annual: FY2021 10-K filed 2022-03-29 (acc 0000950170-22-004805, ssti-20211231.htm), read directly. Carries the recurring false-alert / failure-to-alert accuracy risk factor (quoted under incident 255). No specific incident, court case, city, or individual named. 'subpoena' efts hits (S-1 e",Reliability of ShotSpotter alerts (the family of the DUI-alert reliability challenge) is disclosed generically; the public-defender subpoena / specific case is not named. => T3.,DUI Arrest Case Allegedly Based Only on ShotSpotter's Alert
265,2021-04-01,"Uber Technologies, Inc.",UBER,1543151,PARENT,both,T1-limited,rubric,T3,low,,,In-window annuals: FY2020 10-K (filed 2021-03-01) and FY2021 10-K (filed 2022-02-24). efts q=%22facial recognition%22&ciks=0001543151 = ZERO hits across all Uber filings (the FRT/photo-verification driver-dismissal matter is not named and facial-recognition is never a named risk topic). Generic 'art,The Uber Eats facial-recognition mismatch/dismissal is not named and facial-recognition is absent from filings; however generic AI/ML platform risk language of the broader algorithmic-identity family is present in-window. Weak same-family match => T3 with low confidence (borderline T4).,Black Uber Eats Driver Allegedly Subjected to Excessive Photo Checks and Dismissed via FRT Results
278,2022-08-07,"Meta Platforms, Inc.",META,1326801,LISTED,both,T1-limited,rubric,T3,high,,,"efts q='BlenderBot' &ciks=1326801 = ZERO HITS. FY2022 10-K discloses generative-AI risk ('develop new product features using generative AI ... may result in ... litigation, ethical concerns'); FY2023 10-K lists 'harmful or illegal content, ... bias, discrimination, toxicity'. BlenderBot 3's antisemi",Generative-AI harmful-output risk language present; the specific BlenderBot incident is not disclosed. T3.,Meta’s BlenderBot 3 Chatbot Demo Made Offensive Antisemitic Comments
275,2020-06-11,"Meta Platforms, Inc.",META,1326801,LISTED,both,T1-limited,rubric,T3,high,,,FY2020 10-K carries reliance-on-AI content-review and objectionable-content (nudity/enforcement) risk language. No filing references the erroneous ban of the 1890s Aboriginal-slavery photo.,Automated over-removal (historical nudity) captured only by family-level content-moderation risk language; event not named. T3.,Facebook’s Moderation Algorithm Banned Users for Historical Evidence of Slavery
285,2022-07-18,Alphabet Inc.,GOOGL,1652044,LISTED,both,T1-limited,rubric,T3,high,,,"Window 2022-07-18 to 2023-07-18. In-window FY2022 10-K (goog-20221231.htm, filed 2023-02-03) carries AI/ML ethical/content risk language; in-window FY2023 10-K edge. Google Lens offensive mistranslation is an ML accuracy/quality harm within the AI/ML content family. Not named; no litigation.",ML mistranslation covered by generic AI/ML accuracy/content risk language; event not named.,Google Lens’s Camera-Based Translation Feature Provided an Offensive Mistranslation of a Book Title in Korean
293,2022-06-03,General Motors Company,GM,1467858,PARENT,both,T1-limited,rubric,T3,medium,,,"The June-3-2022 Cruise-vs-Prius intersection collision (minor injuries) led to a Sept-2022 Cruise voluntary software recall of ~80 AVs. Neither the crash nor that recall is separately named in GM's FY2022 10-K (0001467858-23-000029, 2023-01-31); efts 'recall' in the FY2022 window flags only the rout","Immaterial minor-injury collision and small voluntary Cruise software recall not separately disclosed as legal proceedings; captured only by family-level AV risk language (T3, medium given the recall could conceivably sit in an undisclosed contingencies line).",Cruise’s Self-Driving Car Involved in a Multiple-Injury Collision at an San Francisco Intersection
347,2021-05-06,Alphabet Inc.,GOOGL,1652044,PARENT,both,T1-limited,rubric,T3,medium,,,"Window 2021-05-06 to 2022-05-06. In-window FY2021 10-K (0001652044-22-000019, filed 2022-02-02) continues the AI/ML ethical/technological-challenges risk factor; Alphabet also carries Other Bets/Waymo autonomous-technology risk language. Waymo driving away from support crew is an AV autonomy-reliabi",Waymo AV autonomy incident covered by generic AI/ML + Other Bets technological risk language; event not named.,"Waymo Self-Driving Taxi Reportedly Behaved Unexpectedly, Driving away from Support Crew"
350,2022-09-13,Serve Robotics Inc.,SERV,1832483,LISTED,both,T1-limited,rubric,T4,low,,,Serve Robotics private (pre-Oct-2023 IPO) at incident date 2022-09; no in-window SEC filings exist.,Not a reporting company during the window -> no disclosure possible; T4. CIK corrected to 1832483.,Delivery Robot Rolled Through Crime Scene
291,2021-05-28,"Tesla, Inc.",TSLA,1318605,LISTED,both,T1-limited,rubric,T3,medium,,,"The California DMV false-advertising action over Autopilot/FSD marketing is NOT disclosed as such: efts 'Department of Motor Vehicles' and 'false advertising' return only 2010-2012 dealership-era filings. However, the FY2022 10-K risk factors add generic 'regulatory scrutiny arising from or related ","The specific CA-DMV regulatory proceeding is not disclosed in filings, so not T2; only generic Autopilot/FSD marketing-misrepresentation risk language of the same family is present = T3. Medium confidence because the contingencies note could not be fully retrieved (long-doc truncation), but negative",Tesla Allegedly Misled Customers about Autopilot and FSD Capabilities
292,2021-09-01,Apple Inc.,AAPL,320193,LISTED,both,T1-limited,rubric,T4,high,,,"For the 2021-09-01 Apple autonomous-vehicle test-drive incident, the in-window 10-K is Apple FY2021 (filed 2021-10-29). Full-text search confirms no 'artificial intelligence' or 'machine learning' language in Apple 10-Ks until FY2023, so no same-family AI risk language exists in the in-window filing",No AI-family risk language in the in-window 10-K and no legal/event disclosure of the AV test-drive incident. T4.,Apple’s AVs Reportedly Struggled to Navigate Streets in Silicon Valley Test Drives
318,2021-01-13,"Meta Platforms, Inc.",META,1326801,LISTED,both,T1-limited,rubric,T3,high,,,"In-window annual is FY2020 10-K (fb-20201231.htm); it carries advertising, recommendation, and content-enforcement risk language. No filing references gun/military-gear ad recommendations continuing after the post-Capitol pause.",Ad-recommendation enforcement gap captured only by family-level advertising/recommendation risk language; event not named. T3.,Facebook Recommended Military Gear Ads Despite Pause on Weapons Accessories Ads
319,2019-12-29,"Tesla, Inc.",TSLA,1318605,LISTED,both,T3-severe,rubric,T3,high,,,"Window (2019-12 to 2020-12) includes FY2019 10-K (0001564590-20-004475). Indiana Autopilot crash into a parked fire truck; a constituent of NHTSA's later stationary-emergency-vehicle inquiry, but 'first responder' returns no in-window filing and the crash is not named.",Neither the crash nor the (later) NHTSA first-responder/stationary-vehicle investigation is disclosed in-window; only generic Autopilot risk language = T3.,Tesla on Autopilot Fatally Crashed into Parked Fire Truck in Indiana
305,2019-02-01,Alphabet Inc.,GOOGL,1652044,PARENT,both,T1-limited,rubric,T3,high,,,"Window 2019-02-01 to 2020-02-01. In-window FY2018 10-K (0001652044-19-000004, filed 2019-02-05) carries AI/ML ethical/brand risk language; FY2019 10-K (0001652044-20-000008, edge) continues it. YouTube's recommendation algorithm driving misinformation is squarely within the 'AI/ML raise ethical chal",Recommendation-algorithm harm covered by generic AI/ML risk factor; event not named; no legal proceeding disclosed.,YouTube’s Recommendation Algorithm Allegedly Promoted Climate Misinformation Content
282,2020-10-03,"Meta Platforms, Inc.",META,1326801,LISTED,both,T1-limited,rubric,T3,high,,,FY2020 10-K carries reliance-on-AI content-review and objectionable/sexual-content-enforcement risk language. No filing references the onion-ad misclassification as sexual content.,Automated ad-moderation false-positive captured only by family-level content-moderation risk language; event not named. T3.,Facebook’s Algorithm Mistook an Advertisement of Onions as Sexual Suggestive Content
313,2022-08-25,"Meta Platforms, Inc.",META,1326801,LISTED,both,T2-moderate,CSET,T3,high,,,"efts q='BlenderBot' = ZERO HITS. Same generative-AI risk language as incident 278 (FY2022/FY2023 10-Ks: 'toxicity', 'defamatory or harmful content'). BlenderBot 3 labeling a Dutch politician a 'terrorist' is not named.",Generative-AI defamatory/harmful-output risk language present; specific event not disclosed. T3.,BlenderBot 3 Cited Dutch Politician as a Terrorist
333,2021-03-17,"Tesla, Inc.",TSLA,1318605,LISTED,both,T3-severe,rubric,T3,high,,,"Window (2021-03 to 2022-03) includes FY2020 10-K (2021-02) and FY2021 10-K (2022-02). Michigan Autopilot crash into a parked police car; constituent of NHTSA first-responder inquiry, but 'first responder' returns no in-window filing and the crash is not named.",Neither the crash nor the NHTSA first-responder investigation is disclosed in-window; generic Autopilot risk language only = T3.,Tesla on Autopilot Crashed Parked Michigan Police Car on Interstate
304,2021-11-03,"Tesla, Inc.",TSLA,1318605,LISTED,both,T3-severe,rubric,T3,high,,,"Window (2021-11 to 2022-11) includes FY2021 10-K (2022-02) and 2022 10-Qs with Autopilot/FSD crash and product-liability risk language. The Brea, California FSD wrong-lane collision is not named in any filing.",Individual FSD collision not disclosed; generic same-family risk language only = T3.,Tesla on FSD Reportedly Drove into the Wrong Lane in California
331,2020-08-05,"Meta Platforms, Inc.",META,1326801,PARENT,both,T1-limited,rubric,T3,high,,,FY2020 10-K carries ranking/recommendation-algorithm risk language (News Feed ranking) and content-integrity risk language. No filing references the Instagram related-hashtags bug affecting political hashtags.,Instagram recommendation-algorithm bug captured only by family-level ranking/recommendation risk language; event not named. T3.,Bug in Instagram’s “Related Hashtags” Algorithm Allegedly Caused Disproportionate Treatment of Political Hashtags
337,2021-04-17,"Tesla, Inc.",TSLA,1318605,LISTED,both,T1-limited,rubric,T3,high,,,"Window (2021-04 to 2022-04) includes FY2020 10-K (2021-02) and FY2021 10-K (2022-02) with Autopilot/driver-assist crash risk language. The Spring, Texas Model S fatal crash (two killed) is not named in any filing.",Fatal driver-assist crash not individually disclosed; generic same-family risk language only = T3.,"Tesla Model S on ACC Crashed into Tree in Texas, Killing Two People"
348,2020-11-01,Alphabet Inc.,GOOGL,1652044,PARENT,both,T1-limited,rubric,T3,high,,,"Window 2020-11-01 to 2021-11-01. In-window FY2020 10-K (goog-20201231.htm, filed 2021-02-03) carries the AI/ML ethical/brand risk factor. YouTube recommendation allegedly pushing election-fraud content fits the recommendation/content-algorithm risk family. Not named; 'recommendation' full-text hits ",Recommendation-algorithm harm covered by generic AI/ML risk language; event not named.,YouTube Recommendation Reportedly Pushed Election Fraud Content to Skeptics Disproportionately
311,2020-05-02,Alphabet Inc.,GOOGL,1652044,PARENT,both,T1-limited,rubric,T3,high,,,"Window 2020-05-02 to 2021-05-02. In-window FY2020 10-K (0001652044-21-000010, goog-20201231.htm, filed 2021-02-03) carries the AI/ML ethical/brand risk factor. Auto-moderation false-positive (banning a conference) is within the AI content-moderation risk family. No specific disclosure; Legal Matters",Automated-moderation error covered by generic AI/ML risk language; event not named.,YouTube Auto-Moderation Mistakenly Banned Women of Sex Tech Conference
317,2020-03-17,"Meta Platforms, Inc.",META,1326801,LISTED,both,T1-limited,rubric,T3,high,,,FY2020 10-K (fb-20201231.htm) explicitly ties automated moderation to COVID-19 and remote-work AI reliance: 'the necessity to rely more heavily on artificial intelligence to perform tasks'; 'negative publicity in connection with our handling of misinformation... including in connection with the COVI,Anti-spam false-positive on COVID posts captured squarely by the family-level COVID/AI-reliance risk language; specific bug not named. T3.,Bug in Facebook’s Anti-Spam Filter Allegedly Blocked Legitimate Posts about COVID-19
303,2022-08-21,Alphabet Inc.,GOOGL,1652044,LISTED,both,T1-limited,rubric,T3,medium,,,"Window 2022-08-21 to 2023-08-21. In-window FY2022 10-K (goog-20221231.htm, filed 2023-02-03) carries AI/ML ethical/technological risk language; FY2023 10-K edge. Automated CSAM-detection false-positive (wrongly flagging a parent's photo) is an AI-classifier error with account/legal consequences to t",AI CSAM-classifier false-positive covered by generic AI/ML risk language; event not named; no disclosed legal proceeding.,Google’s Automated Child Abuse Detection Wrongfully Flagged a Parent’s Naked Photo of His Child
343,2021-07-11,"Meta Platforms, Inc.",META,1326801,LISTED,both,T1-limited,rubric,T3,high,,,FY2020 10-K (in-window) and FY2021 10-K carry reliance-on-AI content-review and hate-speech/harassment/objectionable-content risk language. No filing references the failure to proactively remove racist abuse of Black footballers.,Reactive hate-speech moderation failure captured only by family-level content-moderation risk language; event not named. T3.,"Facebook, Instagram, and Twitter Failed to Proactively Remove Targeted Racist Remarks via Automated Systems"
281,2019-02-04,Alphabet Inc.,GOOGL,1652044,PARENT,both,T2-moderate,CSET,T3,high,,,"Window 2019-02-04 to 2020-02-04. In-window FY2018 10-K (filed 2019-02-05) and FY2019 10-K (filed 2020-02-04, edge) carry AI/ML ethical/brand risk language. Content-moderation algorithm failing to remove suicide/self-harm content sits within the AI/ML technological-and-content-quality risk family. No",Moderation-algorithm failure covered by generic AI/ML content risk language; event not named; no disclosed litigation.,YouTube's Algorithms Failed to Remove Violating Content Related to Suicide and Self-Harm
322,2019-12-07,"Tesla, Inc.",TSLA,1318605,LISTED,both,T1-limited,rubric,T3,high,,,"Window (2019-12 to 2020-12) includes FY2019 10-K (0001564590-20-004475). This Connecticut crash into a parked police car is a constituent of NHTSA's later first-responder-crash inquiry, but 'first responder' returns no in-window filing (only a 2026 8-K), and the crash itself is not named.",Neither the crash nor the (later) NHTSA first-responder investigation is disclosed as such in-window; only generic Autopilot risk language = T3. Conservatively not T2 because the specific investigation is not referenced in filings.,Tesla Model 3 Crashed into Police Patrol Car on Connecticut Highway
364,2020-04-15,Walmart Inc.,WMT,104169,LISTED,deployer,T1-limited,rubric,T4,high,,,Walmart (CIK 0000104169). Incident window 2020-04-15 to 2021-04-15. efts 'artificial intelligence' in Walmart 10-Ks in that window = 0 hits; 'algorithm' = 0 hits. Walmart's FY2020/FY2021 10-Ks carry no same-family AI/algorithm/computer-vision risk language. The Everseen bagging-/theft-detection fals,No disclosure located and no same-family AI/algorithm risk language in the in-window Walmart 10-Ks; purely a press-reported operational matter with no legal or accounting consequence. T4.,Walmart's Bagging-Detection False Positives Exposed Workers to Health Risk
367,2020-06-17,Alphabet Inc.,GOOGL,1652044,LISTED,both,T2-moderate,CSET,T3,high,,,"Window 2020-06-17 to 2021-06-17. In-window FY2020 10-K (goog-20201231.htm, filed 2021-02-03) carries the AI/ML ethical-challenges/brand risk factor covering embedded model bias. iGPT/SimCLR bias is a research finding on Google-adjacent models; falls within the AI/ML 'ethical challenges' family. Not ",Model-bias research finding covered by generic AI/ML ethical risk language; event not named.,"iGPT, SimCLR Learned Biased Associations from Internet Training Data"
393,2021-12-08,"Meta Platforms, Inc.",META,1326801,LISTED,both,T2-moderate,CSET,T3,high,,,FY2021 10-K (0001326801-22-000018) Risk Factors: 'objectionable content made available on our products' and moderation-failure language; hate-speech content handling referenced. The Global Witness ad-moderation test (hateful/violent ads in English and Swahili not flagged) is not named in any filing.,Same-family ad/content-moderation-failure risk language present; specific test/event not disclosed. T3.,Facebook AI-Supported Moderation for Ads Failed to Detect Violating Content
363,2021-01-15,"Meta Platforms, Inc.",META,1326801,LISTED,both,T1-limited,rubric,T3,high,,,FY2020 10-K carries reliance-on-AI content-review and objectionable-content risk language. No filing references the automated flag of 'Plymouth Hoe' as misogynistic.,Automated-moderation false-positive captured only by family-level content-moderation risk language; event not named. T3.,Facebook's Automated Moderation Mistakenly Flagged Landmark's Name as Offensive
400,2022-02-23,Alphabet Inc.,GOOGL,1652044,LISTED,both,T1-limited,rubric,T3,high,,,"Window 2022-02-23 to 2023-02-23. In-window FY2021 10-K (2022-02-02) and FY2022 10-K (0001652044-23-000016, goog-20221231.htm, filed 2023-02-03) carry AI/ML ethical-challenge and content-quality risk language. Search returning fewer abortion-clinic results in rural/TRAP areas is a search-algorithm eq",Search-algorithm disparity covered by generic AI/ML + content-quality risk language; event not named.,Google Search Returned Fewer Results for Abortion Services in Rural Areas
395,2021-03-02,"Amazon.com, Inc.",AMZN,1018724,LISTED,deployer,T1-limited,rubric,T3,medium,,,"Window 2021-03-02 to 2022-03-02. In-window FY2021 10-K (0001018724-22-000005, filed 2022-02-04) carries generic AI/ML risk language and data/privacy (biometric) risk factors. AI-powered delivery-driver camera surveillance is an Amazon algorithmic system but is not named; no related legal proceeding ",Generic AI/algorithm and privacy risk language of the same family present; specific system/event not named => T3.,Amazon Forced Deployment of AI-Powered Cameras on Delivery Drivers
354,2020-06-20,"Uber Technologies, Inc.",UBER,1543151,LISTED,both,T3-severe,CSET,T3,medium,,,"Uber CIK 1543151 confirmed. In-window annual: FY2020 10-K filed 2021-03-01 (acc 0001543151-21-000014, uber-20201231.htm). 'artificial intelligence' is present in Uber 10-Ks from FY2020 onward (efts q=%22artificial intelligence%22&forms=10-K: FY2020-FY2025). Uber's 10-K risk factors routinely address","Automated decision-making/profiling and GDPR/data-privacy are disclosed generically as risk factors; the specific driver-profiling GDPR lawsuit is not named. Same-family generic risk, event not named => T3.",Uber Allegedly Violated GDPR by Failing to Provide Sufficient Notice on Automated Profiling for Drivers
353,2019-03-01,"Tesla, Inc.",TSLA,1318605,LISTED,both,T1-limited,rubric,T3,high,,,Duplicate/companion of the same 2019-03 Florida Model 3 tractor-trailer Autopilot fatality. Window includes FY2019 10-K (0001564590-20-004475) Autopilot death/injury risk language. No incident-specific or legal reference located in efts.,Same reasoning as incident 230 (this is the same underlying crash). Generic Autopilot risk language only = T3.,"Tesla on Autopilot Crashed into Trailer Truck in Florida, Killing Driver"
362,2021-07-20,"Meta Platforms, Inc.",META,1326801,LISTED,both,T1-limited,rubric,T3,high,,,FY2020 10-K (in-window; incident 2021-07-20) and FY2021 10-K carry reliance-on-AI content-review and objectionable-content risk language. No filing references the mistaken flagging of gardening-group 'hoe'/anti-bug language.,Automated-moderation false-positive captured only by family-level content-moderation risk language; event not named. T3.,Facebook's Automated Moderation Flagged Gardening Group's Language Use by Mistake
359,2021-05-23,"Meta Platforms, Inc.",META,1326801,LISTED,both,T1-limited,rubric,T3,high,,,FY2020 10-K (in-window; incident 2021-05-23) carries reliance-on-AI content-moderation and objectionable-content risk language; FY2021 10-K continues the same family language. No filing references the wrongful blocking of pro-Palestinian content during the Israeli-Palestinian conflict.,Automated-moderation error on conflict-related content captured only by family-level content-moderation risk language; event not named. T3.,"Facebook, Instagram, and Twitter Cited Errors in Automated Systems as Cause for Blocking pro-Palestinian Content on Israeli-Palestinian Conflict"
372,2022-07-22,Alphabet Inc.,GOOGL,1652044,LISTED,both,T1-limited,rubric,T3,low,,,"Window 2022-07-22 to 2023-07-22. In-window FY2022 10-K (goog-20221231.htm, filed 2023-02-03) carries AI/ML technological-challenge risk language plus generic product-security/defect risk factors. Pixel 6a fingerprint false-accept is a biometric-ML security defect; fits the AI/ML technological family",Biometric-ML security defect loosely covered by generic AI/ML technological + product-security risk language; event not named. Low confidence due to marginal family fit.,Users Reported Security Issues with Google Pixel 6a's Fingerprint Unlocking
386,2019-07-03,"Amazon.com, Inc.",AMZN,1018724,LISTED,both,T1-limited,rubric,T3,medium,,,"Window 2019-07-03 to 2020-07-03. In-window FY2019 10-K (0001018724-20-000004, filed 2020-01-31) carries generic AI/ML risk-factor language ('artificial intelligence' and 'machine learning' both present) plus labor/employment risk language. The algorithmic worker-productivity ('Time Off Task') tracki",No specific disclosure (not named; no legal proceeding). Generic AI/algorithm risk language of the same broad family present in the in-window annual report => T3.,"Amazon’s ""Time Off Task"" System Made False Assumptions about Workers' Time Management"
389,2022-04-05,General Motors Company,GM,1467858,PARENT,both,T1-limited,rubric,T3,high,,,"GM FY2022 10-K (0001467858-23-000029, 2023-01-31) AV risk factor present. efts 'fire hose' = 0 hits (2022-2024); no filing references a Cruise AV blocking a fire truck.",First-responder obstruction incident not disclosed; only generic autonomous-driving risk language of the same family in the in-window 10-K.,Cruise Autonomous Car Blocked Fire Truck Responding to Emergency
398,2022-08-15,"Tesla, Inc.",TSLA,1318605,LISTED,both,T1-limited,rubric,T3,high,,,Window (2022-08 to 2023-08) includes FY2022 10-K (2023-01) with Autopilot vision-perception reliability risk language. The horse-drawn-carriage misclassification demonstration is not named in any filing.,Perception-error demonstration not disclosed; same-family Autopilot reliability risk language = T3.,Tesla Autopilot Misidentified On-Road Horse-Drawn Carriage
399,2022-11-15,"Meta Platforms, Inc.",META,1326801,LISTED,both,T1-limited,rubric,T3,high,,,"efts q='Galactica' returned 1 hit only, a third-party shareholder proposal (PX14A6G 0001214659-23-006039), not a company disclosure. Meta's own filings do not name Galactica. FY2022 generative-AI risk language and FY2023 AI 'accuracy'/'harmful ... content' language cover the family.",Only a shareholder proponent referenced Galactica; the issuer did not disclose the event. Same-family generative-AI accuracy/harm risk language present. T3.,Meta AI's Scientific Paper Generator Reportedly Produced Inaccurate and Harmful Content
401,2021-06-03,Alphabet Inc.,GOOGL,1652044,LISTED,both,T1-limited,rubric,T3,high,,,"Window 2021-06-03 to 2022-06-03. In-window FY2021 10-K (0001652044-22-000019, filed 2022-02-02) carries the AI/ML ethical/brand risk factor. Google's knowledge-graph 'ugliest language' featured-answer result is an algorithmic-output harm within the AI/ML content-quality/ethical family. Not named; no",Algorithmic featured-answer harm covered by generic AI/ML risk language; event not named.,"Kannada Insulted by Google's Featured Answer as ""Ugliest Language in India"""
360,2021-10-15,McDonald's Corporation,MCD,63908,LISTED,deployer,T2-moderate,CSET,T3,medium,,,In-window annual: FY2021 10-K filed 2022-02-24 (acc 0000063908-22-000011). efts q=biometric&ciks=0000063908 returns ZERO hits (the BIPA voiceprint matter is not named). 'privacy' risk-factor language is present in every McDonald's 10-K FY2020-FY2025 (efts q=privacy&forms=10-K). No AI/algorithm langu,"The AI drive-thru BIPA/biometric suit is not named (biometric=0) and the specific proceeding is not disclosed (so not T2). Generic data-privacy risk language of the same family is present in the in-window 10-K. Same-family generic risk, event not named => T3.","McDonald's AI Drive-Thru Allegedly Collected Biometric Customer Data without Consent, Violating BIPA"
414,2020-01-18,"Meta Platforms, Inc.",META,1326801,LISTED,both,T2-moderate,CSET,T3,high,,,"FY2019 10-K (in-window) and FY2020 10-K carry reliance-on-AI and objectionable-content risk language (FY2020: reliance on 'artificial intelligence to perform tasks', 'illicit or objectionable material'). No filing references the vulgar Burmese-English machine-translation of the Chinese president's n","Automated-translation gaffe (no legal consequence) captured only by family-level reliance-on-AI / objectionable-content risk language; event not named. Despite the batch severity tag, no legal/regulatory proceeding = T3, not T2.",Facebook Gave Vulgar English Translation of Chinese President's Name
415,2020-07-28,"Meta Platforms, Inc.",META,1326801,LISTED,both,T1-limited,rubric,T3,high,,,FY2020 10-K carries reliance-on-AI and objectionable-content risk language. No filing references the offensive Thai-English machine-translation during the King of Thailand broadcast; no legal proceeding.,Automated-translation error captured only by family-level reliance-on-AI / objectionable-content risk language; event not named. T3.,Facebook Provided Offensive Translation for King of Thailand's Birthday Ceremony
416,2022-12-01,"Meta Platforms, Inc.",META,1326801,LISTED,both,T1-limited,rubric,T3,high,,,"efts q='Fair Housing' returned only shareholder proposals (PX14A6G) and the 2020 DEF 14A - no 10-K/10-Q/8-K. Meta did not disclose the DOJ Fair-Housing ad-delivery settlement or the Real Women in Trucking EEOC charge in periodic reports. FY2023/FY2024 10-Ks list AI 'bias, discrimination' as a risk.",Same-family algorithmic-discrimination risk language present; the specific job-ad discrimination matter is not disclosed as an event or named litigation in periodic reports. T3 (not T2).,Facebook's Job Ad Algorithm Allegedly Biased against Older and Female Workers
417,2019-11-15,"Meta Platforms, Inc.",META,1326801,LISTED,both,T1-limited,rubric,T3,high,,,FY2019 10-K (0001326801-20-000013) and FY2020 10-K carry News Feed ranking-algorithm and objectionable/harmful-content risk language ('News Feed ranking algorithm'; 'misinformation or other illicit or objectionable material'). No filing references internal research that feed algorithms exposed low-d,Feed-algorithm harm to vulnerable users captured only by family-level ranking-algorithm + harmful-content risk language; event not named. T3.,Facebook Feed Algorithms Exposed Low Digitally Skilled Users to More Disturbing Content
419,2022-12-01,"Meta Platforms, Inc.",META,1326801,LISTED,both,T1-limited,rubric,T3,high,,,FY2022 10-K objectionable-content / moderation-failure risk language; FY2023 lists 'harmful or illegal content ... (including related to elections)'. The Global Witness finding that Facebook's automated moderation allowed ads with violent language against election workers is not named.,Same-family automated-moderation-failure and election-integrity risk language present; specific event not disclosed. T3.,Facebook's Automated Moderation Allowed Ads Threatening Election Workers to be Posted
427,2022-03-15,General Motors Company,GM,1467858,PARENT,both,T1-limited,rubric,T3,high,,,"In-window annual report is GM FY2022 10-K (0001467858-23-000029, 2023-01-31), which carries the AV accident/liability/government-scrutiny risk factor. No filing references Cruise sudden-braking/rear-end events; efts incident-term searches ('collision' hits are generic collision-avoidance/coverage re",Operational Cruise braking incidents are not disclosed; only generic autonomous-driving risk language of the same harm family appears in the in-window 10-K.,Cruise Taxis' Sudden Braking Allegedly Put People at Risk
431,2022-04-20,Apple Inc.,AAPL,320193,LISTED,both,T2-moderate,rubric,T4,high,,,"For the 2022-04-20 Face ID / drugged-victims bank-theft incident, the in-window 10-K is Apple FY2022 (filed 2022-10-28); FY2023 (filed 2023-11-03) is outside the +12-month window. Full-text search confirms no 'artificial intelligence' or 'machine learning' language in Apple 10-Ks before FY2023, so t",In-window FY2022 10-K contains no AI-family risk language; no legal-proceedings or event disclosure. T4.,Robbers Accessed Drugged Gay Men's Bank Accounts Using Their Phones' Facial Recognition
434,2022-11-24,"Tesla, Inc.",TSLA,1318605,LISTED,both,T2-moderate,rubric,T3,high,,,Window (2022-11 to 2023-11) includes FY2022 10-K (2023-01) with FSD crash/product-liability risk language and the general DOJ Autopilot/FSD probe disclosure. The alleged FSD-braking 8-car San Francisco tunnel pileup is not named in any filing.,Individual crash not disclosed; only generic same-family FSD risk language and a general DOJ probe present = T3.,Sudden Braking by Tesla Allegedly on Self-Driving Mode Caused Multi-Car Pileup in Tunnel
436,2022-12-28,"Tesla, Inc.",TSLA,1318605,LISTED,both,T1-limited,rubric,T3,high,,,Window (2022-12 to 2023-12) includes FY2022 10-K (2023-01) with Autopilot crash/misuse risk language and 2023 10-Qs. The Autobahn 'driver asleep on Autopilot' incident in Germany is not named in any filing.,Foreign Autopilot-misuse incident not disclosed; generic same-family Autopilot/misuse risk language only = T3.,Tesla Driver Put Car on Autopilot Before Falling Asleep in Germany
446,2023-01-01,"SoundThinking, Inc.",SSTI,1351636,LISTED,developer,T1-limited,rubric,T3,high,,,"In-window annual: FY2022 10-K filed 2023-03-14 (acc 0000950170-23-007845, ssti-20221231.htm). efts q=Durham&ciks=0001351636 returns ZERO hits across all filings, so the Durham New Year's Day missed-detection is nowhere named. The 'failure or perceived failure to generate alerts for actual gunfire' r",Missed-detection / failure-to-alert is disclosed as a standing risk factor; the specific Durham event is not named (Durham=0). => T3.,ShotSpotter Failed to Alert Authorities of Mass Shooting in North Carolina
447,2022-12-19,"Meta Platforms, Inc.",META,1326801,PARENT,both,T1-limited,rubric,T3,medium,,,"FY2022/FY2023 10-K AI 'accuracy' and objectionable-content risk language covers machine-translation errors producing embarrassing/objectionable output. The Instagram mistranslation of a footballer's comment is a minor journalistic item, not named.",Same-family AI-accuracy/objectionable-output risk language present; specific event not disclosed. T3.,"Footballer's ""X-Rated"" Comment Created by Instagram's Mistranslation"
459,2023-01-21,General Motors Company,GM,1467858,PARENT,both,T1-limited,rubric,T3,high,,,"Incident date 2023-01-21; the in-window annual report is GM FY2022 10-K (0001467858-23-000029, filed 2023-01-31, 10 days later), which carries AV accident/regulatory risk language (the FY2023 10-K filed 2024-01-30 falls just outside the +12-month window). efts 'fire hose' = 0 hits; incident not name",Firefighters-smashed-window incident not disclosed; only family-level AV risk language in the in-window FY2022 10-K.,Firefighters Smashed Cruise AV's Front Window to Stop It from Running over Fire Hoses
460,2022-06-12,General Motors Company,GM,1467858,PARENT,both,T1-limited,rubric,T3,high,,,"GM FY2022 10-K (0001467858-23-000029, 2023-01-31) AV risk factor present. efts 'fire hose' = 0 hits across 2022-2024 GM filings; no filing references a Cruise AV running over a fire hose.",First-responder-scene operational incident not disclosed; only generic autonomous-driving risk language of the same family present.,Cruise AV Ran Over Fire Hose in Active Fire Scene
463,2022-11-15,Apple Inc.,AAPL,320193,LISTED,both,T1-limited,rubric,T4,medium,,,"For the 2022-11-15 Crash Detection false-911-call incident, the sole in-window 10-K is Apple FY2023 (filed 2023-11-03; FY2022 filed 2022-10-28 predates the incident and is out of window). FY2023 is the first Apple 10-K to mention 'machine learning and artificial intelligence,' but ONLY within a regu","The in-window FY2023 10-K mentions AI/ML only in a generic regulatory-compliance list (not same-family product-harm risk), and the Crash Detection false-alarm event is not named. Coded T4 conservatively; marginal because a bare AI/ML regulatory-list mention exists in the in-window filing (borderline","Apple Devices Mistook Skiing Activities, Dialed False Distress Emergency Calls "
465,2022-03-03,Alphabet Inc.,GOOGL,1652044,LISTED,both,T1-limited,rubric,T3,medium,,,"Window 2022-03-03 to 2023-03-03. In-window FY2021 10-K (2022-02-02) and FY2022 10-K (goog-20221231.htm, filed 2023-02-03) carry AI/ML ethical/technological risk language. LAION-5B private-medical-photos finding concerns a third-party web-scraped dataset used in AI research; Alphabet role is peripher",AI-training-data privacy harm covered by generic AI/ML risk language; event not named; Alphabet role peripheral (dataset is third-party).,Private Medical Photos Were Reportedly Found in LAION-5B AI Training Dataset
467,2023-02-07,Alphabet Inc.,GOOGL,1652044,LISTED,both,T1-limited,rubric,T3,high,,,"Window 2023-02-07 to 2024-02-07. In-window FY2023 10-K (goog-20231231.htm, filed 2024-01-31) carries explicit generative-AI risk language: 'Our evolving AI-related efforts may give rise to risks related to harmful content, inaccuracies... and other issues.' Bard's promo-video factual error (causing ",High-profile Bard inaccuracy covered by FY2023 generative-AI inaccuracy/reputational risk language; incident not specifically named (Bard = product mention) => T3 not T1.,Google's Bard Shared Factually Inaccurate Info in Promo Video
468,2023-02-07,Microsoft Corporation,MSFT,789019,LISTED,both,T1-limited,rubric,T3,high,,,"Window 2023-02-07..2024-02-07 includes FY2023 10-K (0000950170-23-035122, 2023-07-27), which carries AI-harm-family risk language (full-text confirms 'responsible AI', 'AI systems', 'biased', 'reputational harm'). ChatGPT-powered Bing factual-accuracy failures fall squarely within the AI flawed/inac",In-window FY2023 10-K carries generic AI risk-factor language of the same (inaccurate/harmful output) family; event not named. T3.,ChatGPT-Powered Bing Reportedly Had Problems with Factual Accuracy on Some Controversial Topics
470,2023-02-08,Microsoft Corporation,MSFT,789019,LISTED,both,T1-limited,rubric,T3,high,,,"Window 2023-02-08..2024-02-08 includes FY2023 10-K (0000950170-23-035122) with AI-harm risk language ('AI systems', 'biased', 'reputational harm', 'responsible AI'). Bing Chat citing disinformation is within the flawed/harmful-output AI risk family; not named specifically.",Generic in-window AI risk-factor language of same family; unnamed event. T3.,Bing Chat Response Cited ChatGPT Disinformation Example
471,2019-06-22,"Meta Platforms, Inc.",META,1326801,LISTED,both,T1-limited,rubric,T3,high,,,"FY2019 10-K (0001326801-20-000013) and FY2020 10-K (0001326801-21-000014, fb-20201231.htm) carry harmful/objectionable-content and reliance-on-automated-systems risk language ('spreading misinformation, or other objectionable ends'; FY2020: reliance on AI for content review, 'misinformation or other",Hate-speech/automated-moderation failure captured only by family-level harmful-content risk language; the specific Ethiopia event is not named. T3.,Facebook Allegedly Failed to Police Hate Speech Content That Contributed to Ethnic Violence in Ethiopia
473,2023-02-08,Microsoft Corporation,MSFT,789019,LISTED,both,T1-limited,rubric,T3,high,,,Window 2023-02-08..2024-02-08 includes FY2023 10-K (0000950170-23-035122) carrying AI-harm/security risk language. Prompt-injection revealing Bing Chat's initial prompt maps to the AI misuse/output-integrity/security risk family; not named.,In-window generic AI risk language of same family; event not named. T3.,Bing Chat's Initial Prompts Revealed by Early Testers Through Prompt Injection
475,2021-06-02,McDonald's Corporation,MCD,63908,LISTED,deployer,T1-limited,rubric,T3,medium,,,"McDonald's CIK 63908 confirmed. In-window annual: FY2021 10-K filed 2022-02-24 (acc 0000063908-22-000011, mcd-20211231.htm). efts confirms a recurring 'technology initiatives' risk factor present in McDonald's 10-Ks for FY2014, FY2020, FY2021, FY2022, FY2023, FY2024, FY2025 (q=%22technology initiati","The specific AI drive-thru pilot/ending of the IBM partnership is not disclosed. A recurring generic technology/digital-initiatives risk factor covers the same domain (automation/technology initiatives may fail or harm reputation), but with no AI/algorithm-specific framing in the in-window filing. S",McDonald's Reportedly Ends IBM Partnership After AI Drive-Thru Ordering Errors at U.S. Locations
477,2023-02-14,Microsoft Corporation,MSFT,789019,LISTED,both,T1-limited,rubric,T3,high,,,Window 2023-02-14..2024-02-14 includes FY2023 10-K (0000950170-23-035122) carrying AI flawed/inaccurate-output and reputational-harm risk language. Bing Chat hallucination / emotional persona is within the flawed-output family; not named.,Generic in-window AI risk-factor language of same family; event unnamed. T3.,Bing Chat Tentatively Hallucinated in Extended Conversations with Users
489,2019-06-03,"Workday, Inc.",WDAY,1327811,LISTED,both,T2-moderate,CSET,T3,high,,,"Workday (CIK 0001327811). FY2020 10-K (0001327811-20-000022, 2020-03-03) carries same-family AI/ML risk language: '...machine learning and artificial intelligence present emerging ethical issues, and if we enable or offer solutions on this front that are controversial, due to their impact, or percei","Workday's own AI/ML risk factor squarely names the employment/bias harm family and legal-liability exposure, but the Mobley lawsuit itself is never named. Textbook T3.",Workday's AI Tools Allegedly Enabled Employers to Discriminate against Applicants of Protected Groups
501,2019-06-03,UnitedHealth Group Inc.,UNH,731766,PARENT,both,T3-severe,CSET,T4,high,,,"UnitedHealth CIK 731766 confirmed. In-window annual: FY2019 10-K filed ~2020-02 (window 2019-06-03 to 2020-06-03). 'artificial intelligence'/'AI/ML' language does NOT appear in any UNH 10-K before FY2023 (efts: AI only in 10-Ks filed 2024-02-28, 2025-02-27, 2026-03-02). 'algorithm' appears in ZERO U","Event not named, and the in-window FY2019 10-K contains no AI/algorithm risk language of this family (AI/ML risk language first appears FY2023). No disclosure located => T4.",Length of Stay False Diagnosis Cut Off Insurer's Payment for Treatment of Elderly Woman
503,2023-02-14,Microsoft Corporation,MSFT,789019,LISTED,both,T3-severe,rubric,T3,high,,,Window 2023-02-14..2024-02-14 includes FY2023 10-K (0000950170-23-035122) with AI-harm/reputational risk language. Bing AI 'threats' / hostile persona is within the harmful-output/reputational-harm family; not named.,In-window generic AI risk language of same family; unnamed. T3.,Bing AI Search Tool Reportedly Declared Threats against Users
504,2023-02-08,Microsoft Corporation,MSFT,789019,LISTED,both,T1-limited,rubric,T3,high,,,Window 2023-02-08..2024-02-08 includes FY2023 10-K (0000950170-23-035122) with AI flawed/inaccurate-output risk language. Bing Chat demo containing false figures/features is within that family; not named.,Generic in-window AI risk-factor language of same (inaccurate-output) family; unnamed. T3.,Bing Chat's Outputs Featured in Demo Video Allegedly Contained False Information
511,2023-02-12,Microsoft Corporation,MSFT,789019,LISTED,both,T1-limited,rubric,T3,high,,,Window 2023-02-12..2024-02-12 includes FY2023 10-K (0000950170-23-035122) with AI-harm/inaccurate-output risk language. Bing's showtime/date-confusion erratic behavior is within that family; not named.,In-window generic AI risk language of same family; unnamed. T3.,Microsoft's Bing Failed to Fetch Movie Showtimes Results Due to Date Confusion
522,2019-07-10,"Meta Platforms, Inc.",META,1326801,LISTED,both,T1-limited,rubric,T3,high,,,FY2019 10-K (fb-12312019x10k.htm) Item 1A carries News Feed ranking-algorithm risk language ('we update our News Feed ranking algorithm to optimize the user experience') and advertising/ad-targeting risk language ('changes reduce our ability to effectively target ads'). No filing references the poli,Political ad-delivery algorithm behavior captured only by family-level advertising + ranking-algorithm risk language; event not named. T3.,"Facebook Political Ad Delivery Algorithms Inferred Users' Political Alignment, Inhibiting Political Campaigns' Reach"
525,2019-07-06,"Tesla, Inc.",TSLA,1318605,LISTED,developer,T3-severe,rubric,T3,high,,,"Window (2019-07 to 2020-07) includes FY2019 10-K (0001564590-20-004475) plus 2019-2020 10-Qs, all carrying Autopilot/FSD crash and product-liability risk language. The related product-liability lawsuit (jury found no damages) is not itemized in any filing.",Individual Autopilot product-liability suit not disclosed as material; only generic same-family risk language in-window = T3.,Tesla Vehicle Running on Self-Driving Mode Crashes on City Streets
528,2023-04-08,"Amazon.com, Inc.",AMZN,1018724,LISTED,both,T1-limited,rubric,T3,medium,,,"Window 2023-04-08 to 2024-04-08. In-window FY2023 10-K (0001018724-24-000008, filed 2024-02-02) carries generic AI/ML risk language. Algorithmic-pricing anomaly is not named; no related legal proceeding disclosed.",Pricing-algorithm harm covered by generic AI/algorithm risk language; event not named => T3.,Amazon Algorithmic Pricing Allegedly Hiked up Price of Reference Book to Millions
533,2021-06-02,"Tesla, Inc.",TSLA,1318605,LISTED,both,T1-limited,rubric,T3,high,,,Window (2021-06 to 2022-06) includes FY2021 10-K (2022-02) with Autopilot/FSD vision-perception reliability risk language. The FSD traffic-light-misidentification (truck hauling traffic lights) demonstration is not named in any filing.,Perception-error demonstration not disclosed; same-family FSD reliability risk language = T3.,Tesla FSD Misidentified Truck Hauling Traffic Lights as Trail of Traffic Lights
534,2021-04-29,"Meta Platforms, Inc.",META,1326801,LISTED,both,T1-limited,rubric,T2,high,FY2021 10-K Note 'Commitments and Contingencies' (R19.htm) — securities class actions and government investigations arising from the September-2021 former-employee allegations; not framed as an AI matter.,"no — no loss reserve or accrual disclosed; company states the suits are 'without merit' and it is 'vigorously defending them.' No incident-specific charge (distinct from the booked 2019 $5B FTC privacy settlement, which is a separate matter).","FY2021 10-K Commitments & Contingencies note (0001326801-22-000018, R19.htm, filed 2022-02-03): 'Beginning in September 2021, we became subject to government investigations and requests relating to a former employee's allegations and release of internal company documents concerning, among other thin","The Ohio AG securities-fraud suit (algorithms harming children → securities-law violation) surfaces in filings as its legal consequence: the FY2021 10-K discloses the securities class actions and government investigations tied to the former-employee algorithm/content allegations, framed as securitie",Facebook Alleged in Lawsuit Misleading Public about Effects of Algorithms on Children
539,2023-03-11,Snap Inc.,SNAP,1564408,LISTED,both,T1-limited,rubric,T3,medium,,,"Snap (CIK 0001564408). 'My AI' appears in 11 in-window filings including the FY2023 10-K (0001564408-24-000019, 2024-02-07), where My AI is described in Item 1 ('our AI-powered chatbot') and covered by generic new-product risk language in Item 1A: new products/initiatives 'may be costly, difficult t","My AI is named as a product and wrapped in family-level generative-AI/new-product regulatory-and-litigation risk language, but the specific child-safety failure is not disclosed. T3.",Snapchat's My AI Reported for Lacking Protection for Children
540,2023-05-15,"Tesla, Inc.",TSLA,1318605,LISTED,both,T1-limited,rubric,T3,high,,,"FSD Beta pedestrian/crosswalk non-yield event not named in filings. In-window 10-K = Tesla FY2023 (0001628280-24-002390, filed 2024-01-29) carrying the Autopilot/FSD accident + NHTSA Standing General Order + 'misuse or claimed failures... of such new technologies' risk language (quoted under inciden",Same-family Autopilot/FSD risk language present in in-window 10-K; specific FSD Beta event not disclosed -> GENERIC-RISK-LANGUAGE.,"Tesla Failed to Yield to Detected Pedestrian on Crosswalk, Reportedly Violated Traffic Law"
549,2023-01-05,McDonald's Corporation,MCD,63908,LISTED,both,T1-limited,rubric,T4,medium,,,"In-window annual: FY2022 10-K filed 2023-02-24 (acc 0000063908-23-000012, mcd-20221231.htm). This filing predates any 'artificial intelligence' language in McDonald's 10-Ks (AI first appears FY2023, filed 2024-02-22) and 'algorithm' never appears in a McDonald's 10-K. The recurring 'technology initi","Minor operational chatbot-scheduling failures; no legal/regulatory consequence, event not named, and the in-window filing carries no AI/algorithm/hiring-technology risk language of this family (the generic 'technology initiatives' factor is customer-ordering, not HR). No same-family disclosure locat",Fast Food Chains' AI Chatbots Failed to Assist Job Applicants with Scheduling Interviews
550,2023-03-17,"Tesla, Inc.",TSLA,1318605,LISTED,both,T1-limited,rubric,T3,high,,,"Individual crash (Autopilot, school bus, Hollister NC) not named in filings. In-window 10-K is Tesla FY2023 (accession 0001628280-24-002390, tsla-20231231.htm, filed 2024-01-29), which carries same-family Autopilot/FSD safety+regulatory risk language: 'our vehicles have been involved and we expect i",Tesla carries Autopilot/FSD safety+regulatory risk language every year from FY2019. This specific crash is not named; only same-family risk language present -> GENERIC-RISK-LANGUAGE.,Tesla Allegedly on Autopilot Struck High School Student Exiting School Bus
552,2023-06-22,Microsoft Corporation,MSFT,789019,LISTED,both,T1-limited,rubric,T3,high,,,"Window 2023-06-22..2024-06-22 includes FY2023 10-K (0000950170-23-035122) and FY2024 10-K (0000950170-24-087843, 2024-07-30, 'unintended or inappropriate'/'flawed or biased' AI risk factor). Bing Chat bypassing CAPTCHA safeguards maps to AI misuse/safeguard-failure family; not named.",In-window AI risk-factor language of same (misuse/safeguard) family; event unnamed. T3.,Bing Chat Solved CAPTCHAs with Image Analysis Feature Despite Safeguards
553,2023-05-03,Alphabet Inc.,GOOGL,1652044,LISTED,both,T1-limited,rubric,T3,high,,,"Window 2023-05-03 to 2024-05-03. In-window FY2023 10-K (goog-20231231.htm, filed 2024-01-31) carries generative-AI harmful-content/IP/inaccuracy risk language. Edward Hopper knowledge-panel AI-generated image is a generative-AI content/IP harm within the family. Not named; no litigation.",Generative-AI image in knowledge panel covered by FY2023 AI harmful-content/IP risk language; event not named.,Google's Overview Panel for Artist Edward Hopper Featured Image Generated in His Style by AI
554,2023-05-21,Alphabet Inc.,GOOGL,1652044,LISTED,both,T2-moderate,CSET,T3,medium,,,"Window 2023-05-21 to 2024-05-21. In-window FY2023 10-K (goog-20231231.htm, filed 2024-01-31) carries generative-AI harmful-content/IP-infringement risk language. Vermeer AI-generated top search result is a generative-AI content/IP harm within the family. Not named; no IP litigation named in Legal Ma",Generative-AI search-result image covered by FY2023 AI harmful-content/IP risk language; event not named; no disclosed proceeding.,Google Results for Johannes Vermeer Featured AI Version of His Artwork as Top Result
560,2023-06-23,"Tesla, Inc.",TSLA,1318605,LISTED,both,T1-limited,rubric,T3,high,,,"Autopilot rear-end into parked Freightliner (PA Turnpike) not named in filings. In-window 10-K = Tesla FY2023 (0001628280-24-002390, filed 2024-01-29), same-family Autopilot/FSD accident + NHTSA risk language (quoted under 550). Event not named.",Individual Autopilot crash not disclosed; same-family risk language present -> GENERIC-RISK-LANGUAGE.,Tesla on Autopilot Struck Parked Work Truck on Highway in Pennsylvania
563,2023-08-14,General Motors Company,GM,1467858,PARENT,both,T3-severe,rubric,T3,high,,,"GM FY2023 10-K (0001467858-24-000031, 2024-01-30) carries Cruise AV risk-factor language but names only the October 2023 pedestrian incident; the Aug-14-2023 ambulance-delay episode (for which Cruise was later cleared of fault) is not referenced. No incident-specific efts hits.","August ambulance-delay incident (later attributed away from Cruise) not disclosed; only family-level AV risk language present, distinct from the specifically-disclosed October event.",Cruise Robotaxi Initially Blamed for Ambulance Delay in Case Where Patient Later Died; Subsequent Reports Clear Cruise of Fault
570,2023-10-04,"Meta Platforms, Inc.",META,1326801,LISTED,both,T1-limited,rubric,T3,high,,,"FY2023 10-K generative-AI risk language ('harmful or illegal content, accuracy, ... toxicity'; AI features may face 'ethical concerns' and 'litigation'). The Facebook Messenger AI-sticker generation of inappropriate imagery is not named.",Same-family generative-AI objectionable-output risk language present; specific event not disclosed. T3.,Facebook Messenger AI Stickers Generate Ethical and Content Moderation Concerns
571,2023-06-22,Microsoft Corporation,MSFT,789019,LISTED,deployer,T1-limited,rubric,T3,high,,,Window 2023-06-22..2024-06-22 includes FY2023 10-K (0000950170-23-035122) and FY2024 10-K (0000950170-24-087843). 38TB AI-research data exposure maps to the AI-development/data-security risk family (FY2024 AI risk factor expressly covers data and 'unintended' AI-development practices). Incident not ,In-window AI/data-security risk-factor language of same family; event unnamed. T3.,Reported Accidental Exposure of 38TB of Data by Microsoft's AI Research Team
574,2023-07-05,Alphabet Inc.,GOOGL,1652044,LISTED,developer,T2-moderate,CSET,T3,low,,,"Window 2023-07-05 to 2024-07-05. In-window FY2023 10-K (goog-20231231.htm, filed 2024-01-31) carries generative-AI inaccuracy/harmful-content risk language. However this incident is primarily G/O Media publishing AI-generated articles; Alphabet's connection is peripheral (Google as AI-ecosystem deve",Third-party (G/O Media) AI-article incident loosely covered by FY2023 AI inaccuracy risk language; Alphabet role peripheral; event not named. Low confidence due to attenuated Alphabet nexus.,AI-Generated Articles at G/O Media Allegedly Diminishes Reputation of Human Staff
576,2023-10-24,"Meta Platforms, Inc.",META,1326801,LISTED,deployer,T2-moderate,CSET,T3,medium,,,FY2023 10-K objectionable-content-on-platform and generative-AI harmful-content risk language covers a third-party generative-AI app (PicSo) advertised on Instagram producing inappropriate 'girls' content. Not named in any filing.,Same-family objectionable-ad / generative-AI-misuse risk language present; specific event not disclosed. T3.,"Alleged Misuse of PicSo AI for Generating Inappropriate Content Emphasizing ""Girls"""
578,2023-06-26,"Meta Platforms, Inc.",META,1326801,LISTED,developer,T1-limited,rubric,T3,high,,,"FY2024 10-K explicitly warns that 'third parties using Meta's open-source Llama models could engage in' misuse and 'dissemination of illegal, inaccurate, defamatory or harmful content'. The specific Washington Post report of Llama-derived NSFW/violent chatbots (e.g. 'Allie') is not named.",Same-family open-source-model-misuse risk language squarely present; specific event not disclosed. T3.,Alleged Exploitation of Meta's Open-Source LLaMA Model for NSFW and Violent Content
580,2023-06-12,"Meta Platforms, Inc.",META,1326801,LISTED,both,T2-moderate,rubric,T3,high,,,"efts q='Fair Housing' = proxy/DEF 14A only, no periodic report. FY2023/FY2024 10-Ks list AI 'bias, discrimination' as risks. The alleged gender-discriminatory ad-delivery is not disclosed as an event or named litigation in periodic reports.",Same-family algorithmic ad-discrimination risk language present; specific matter not disclosed/named. T3 (not T2).,Alleged Gender Discrimination in Facebook Job Ads Algorithm
581,2023-06-24,Alphabet Inc.,GOOGL,1652044,LISTED,both,T1-limited,rubric,T3,medium,,,"Window 2023-06-24 to 2024-06-24. In-window FY2023 10-K (goog-20231231.htm, filed 2024-01-31) carries AI harmful-content and brand/reputational risk language, plus content-quality/spam risk factors. Google Ads serving on AI-generated misinformation content farms is a content-quality/monetization-inte",Ads on AI misinformation sites covered by generic content-quality + AI harmful-content risk language; event not named.,Google Ads Allegedly Serving Content on AI-Generated Misinformation Sites
583,2023-06-07,"Meta Platforms, Inc.",META,1326801,LISTED,both,T2-moderate,CSET,T3,high,,,"efts q='trafficking' returned only proxy filings (PX14A6G / DEF 14A), no 10-K/10-Q/8-K; q='child sexual' surfaces risk-factor/proxy usage, not a named CSAM-recommendation lawsuit. FY2023/FY2024 10-Ks address child-safety regulatory scrutiny and recommendation-algorithm risk, but the WSJ/Stanford fin",Same-family child-safety and recommendation-algorithm risk language present; the specific CSAM-recommendation incident is not named. T3.,Instagram Algorithms Allegedly Promote Accounts Facilitating Child Sex Abuse Content
587,2023-05-22,Alphabet Inc.,GOOGL,1652044,LISTED,both,T2-moderate,rubric,T3,high,,,"Window 2023-05-22 to 2024-05-22. In-window FY2023 10-K (goog-20231231.htm, filed 2024-01-31) carries AI 'discrimination' and harmful-content risk language. Image-recognition primate-labeling avoidance (Photos legacy bias) is an algorithmic-bias harm squarely within the family. Not named; no litigati",Image-recognition bias covered by FY2023 AI discrimination/harmful-content risk language; event not named.,Apparent Failure to Accurately Label Primates in Image Recognition Software Due to Alleged Fear of Racial Bias
591,2023-07-24,The Cigna Group,CI,1739940,LISTED,both,T1-limited,rubric,T3,medium,,,"Cigna (CIK 0001739940). FY2023 10-K (0001739940-24-000005, 2024-02-29) carries same-family risk language: 'risks related to our use of artificial intelligence and machine learning' (cautionary-statement risk list). efts 'PxDx' returns only a single filing -- a DEF 14A filed 2026-03-13 (0001739940-26","Cigna carries family-level AI/ML risk language, but PxDx and the automated-claim-denial class action are not named in-window (PxDx first surfaces only in a 2026 proxy). Consistent with the pilot's 'not disclosed' read. T3, medium (Legal Proceedings text not exhaustively retrieved, but PxDx is confir",Cigna Algorithm PXDX Allegedly Rejected Thousands of Patient Claims En Masse in Breach of California Law
595,2023-08-11,General Motors Company,GM,1467858,PARENT,both,T1-limited,rubric,T3,high,,,"In-window filing is GM FY2023 10-K (0001467858-24-000031, 2024-01-30), which discusses Cruise AV strategy/risk (accidents, regulatory scrutiny, permit suspension) but does not name the Aug-11-2023 connectivity-driven mass-immobilization traffic-jam event. No incident-specific efts hits.",Operational fleet-stall event not individually disclosed; only the family-level Cruise AV risk language present (the specific disclosed event is the later October 2023 incident).,Driverless Cruise Cars Immobilized in San Francisco Traffic Jam
596,2023-10-17,General Motors Company,GM,1467858,PARENT,both,T1-limited,rubric,T1,medium,"10-K Item 1A (Risk Factors) / Item 1 (Business, AV strategy) -- disclosed alongside the October 2023 Cruise incident cluster; not carried as a standalone Legal Proceedings item.",no incident/investigation-specific reserve disclosed; the accompanying booked charge for the broader Cruise pause is the $478M FY2023 'Cruise restructuring' special item (see incident 726).,"GM FY2023 10-K (0001467858-24-000031, 2024-01-30), Item 1A Risk Factors, names the federal safety probe of Cruise AV pedestrian conduct: '...NHTSA... [has] opened investigations or made inquiries in connection with the incident.' This is the same NHTSA scrutiny of Cruise AVs' caution around pedestri","The FY2023 10-K explicitly discloses a NHTSA (and other-agency) investigation into the Cruise AV pedestrian incident, framed as an AV-safety matter -- coded T1 (medium: the 10-K ties the NHTSA probe to 'the incident' and does not separately elaborate the crosswalk-pattern investigation).",Cruise's Autonomous Vehicles Allegedly Engaging in Risky Behavior Near Pedestrians
608,2023-02-28,UnitedHealth Group Inc.,UNH,731766,PARENT,developer,T1-limited,rubric,T3,medium,,,"In-window: FY2023 10-K filed 2024-02-28 (acc 0000731766-24-000081, unh-20231231.htm) — at the window boundary (incident 2023-02-28 + 12mo = 2024-02-28) and read directly. It carries generic AI/ML risk-factor language, e.g.: 'the data we rely upon...including systems powered by or incorporating artif","The naviHealth/nH Predict AI care-denial matter and the related litigation are not disclosed; generic same-family AI/ML risk language is present in the in-window FY2023 10-K. Same-family generic risk, event not named => T3 (boundary-window; the AI language is generic AI/ML, not clinical-algorithm-sp",UnitedHealth Accused of Deploying  Allegedly Flawed AI to Deny Medical Coverage
609,2023-08-16,Alphabet Inc.,GOOGL,1652044,LISTED,both,T1-limited,rubric,T3,high,,,"Window 2023-08-16 to 2024-08-16. In-window FY2023 10-K (goog-20231231.htm, filed 2024-01-31) carries AI 'inaccuracies... and other issues' and harmful-content risk language. Search AI's false geography featured-snippet ('no African country begins with K') is an AI-inaccuracy content harm within the ",Search-AI factual error covered by FY2023 AI-inaccuracy/harmful-content risk language; event not named.,Flawed AI in Google Search Reportedly Misinforms about Geography
612,2023-10-31,Microsoft Corporation,MSFT,789019,LISTED,both,T3-severe,rubric,T3,high,,,Window 2023-10-31..2024-10-31 includes FY2024 10-K (0000950170-24-087843) with 'unintended or inappropriate'/'flawed or biased' AI-harm risk language and reputational-harm framing. AI-generated Guardian death poll maps to harmful/inappropriate-output + reputational-harm family; not named.,In-window generic AI risk-factor language of same family; event unnamed. T3.,Microsoft AI Poll Allegedly Causes Reputational Harm of The Guardian Newspaper
614,2023-11-02,Alphabet Inc.,GOOGL,1652044,PARENT,developer,T2-moderate,CSET,T3,high,,,"Window 2023-11-02 to 2024-11-02. In-window FY2023 10-K (goog-20231231.htm, filed 2024-01-31) carries generative-AI inaccuracy, defamation, and reputational-harm risk language. Bard generating false allegations against consulting firms (Australian inquiry) is squarely the AI-inaccuracy/defamation fam",Bard defamatory hallucination covered by FY2023 AI inaccuracy/defamation risk language; incident not named (Bard = product mention) => T3.,Google Bard Allegedly Generates False Allegations Against Consulting Firms Used in Research Presented in Australian Parliamentary Inquiry
620,2021-11-10,"Tesla, Inc.",TSLA,1318605,LISTED,both,T3-severe,rubric,T4,medium,,,"The Giga Texas manufacturing-robot injury is not disclosed, and there is no same-family risk language: efts 'robot'=0 hits in the FY2022 10-K. Tesla's Autopilot/FSD risk factors concern automated DRIVING, a different product family from an industrial factory robot; no AI/automation workplace-injury ","Not an automated-driving/Autopilot incident, so the pervasive Autopilot risk language is NOT same-family, and no industrial-automation-injury disclosure exists. No disclosure located = T4. Medium confidence: turns on treating factory-robot automation as outside the AI/automated-driving risk family p",A Robot at a Tesla Factory in Texas Allegedly Injured an Engineer
621,2023-11-10,Microsoft Corporation,MSFT,789019,LISTED,both,T1-limited,rubric,T3,high,,,"Window 2023-11-10..2024-11-10 includes FY2024 10-K (0000950170-24-087843) covering offensive/harmful/biased AI-generated content ('flawed or biased', 'unintended or inappropriate'). Bing/Paint Image Creator producing violent imagery of minorities and public figures is squarely within that family; no",In-window generic AI risk-factor language of same (harmful/offensive-content) family; event unnamed. T3.,Microsoft AI Is Alleged to Have Generated Violent Imagery of Minorities and Public Figures
622,2023-12-18,General Motors Company,GM,1467858,LISTED,both,T1-limited,rubric,T4,medium,,,"No disclosure located. efts 'chatbot' = 0 hits in GM filings (2023-12..2025-01); 'artificial intelligence' appears in GM 10-Ks only from FY2024 (0001467858-25-000032, 2025-01-28) and later -- i.e., NOT in any filing within this incident's window (2023-12-18 to 2024-12-18; the FY2023 10-K of 2024-01-","Dealer chatbot gag; not GM's own system, no legal consequence to GM, and no in-window generic AI/generative-AI risk language of the same tech family -- GM's AI risk factor first appears in the FY2024 10-K, outside this window. T4.",Chevrolet Dealer Chatbot Agrees to Sell Tahoe for $1
623,2023-12-12,Alphabet Inc.,GOOGL,1652044,LISTED,developer,T1-limited,rubric,T3,high,,,"Window 2023-12-12 to 2024-12-12. In-window FY2023 10-K (goog-20231231.htm, filed 2024-01-31) carries generative-AI inaccuracy/harmful-content and legal-liability risk language. Bard generating fake legal citations (Michael Cohen case) is squarely the AI-hallucination/inaccuracy family, but Bard appe",Bard fabricated-citation hallucination covered by FY2023 AI inaccuracy risk language; incident not named (Bard = product mention) => T3.,Google Bard Allegedly Generated Fake Legal Citations in Michael Cohen Case
637,2024-01-31,"SoundThinking, Inc.",SSTI,1351636,LISTED,developer,T1-limited,rubric,T3,high,,,"In-window annual: FY2023 10-K filed 2024-04-01 (acc 0000950170-24-039479, ssti-20231231.htm), read directly. Contains the same-family risk factor 'Real or perceived false positive gunshot alerts or failure or perceived failure to generate alerts for actual gunfire could...damage our brand and reputa",Accuracy/reliability of the gunshot-detection system is disclosed generically; the specific 47%-accuracy-in-Chicago reporting is not named. => T3.,Gunshot Detection Technology ShotSpotter (now SoundThinking) Reportedly Only Has 47% Accuracy in Chicago System
638,2022-05-16,"Tesla, Inc.",TSLA,1318605,LISTED,developer,T3-severe,rubric,T3,high,,,Window (2022-05 to 2023-05) includes FY2022 10-K (2023-01) with Autopilot/FSD 'crashes resulting in death or personal injury' risk language and disclosure of the general DOJ Autopilot/FSD probe. The Hans von Ohain FSD fatality is not named in any filing.,"Fatal FSD crash not individually disclosed; only generic same-family FSD death/injury risk language (and a general, non-incident-specific DOJ probe) present = T3.",Fatal Crash Involving Tesla Full Self-Driving Claims Employee's Life
640,2023-12-11,Alphabet Inc.,GOOGL,1652044,LISTED,developer,T1-limited,rubric,T3,medium,,,"Window 2023-12-11 to 2024-12-11. In-window FY2023 10-K (goog-20231231.htm, filed 2024-01-31) carries AI/ML technological-challenge and 'inaccuracies... and other issues' risk language plus Other Bets/Waymo autonomous-technology risk. Waymo double tow-truck collision and software recall is an AV-auto",Waymo AV software recall covered by generic AI/ML + Other Bets technological risk language; the specific recall is not named in any in-window filing => T3 not T1.,Waymo Software Flaw Reportedly Leads to Double Collision with Tow Truck
645,2024-02-21,Alphabet Inc.,GOOGL,1652044,LISTED,both,T2-moderate,rubric,T3,high,,,"FY2024 10-K (acc 0001652044-25-000014) risk factor: 'harmful content, inaccuracies, discrimination'; heading 'Issues in the development and use of AI may result in reputational harm.' Gemini image-diversity/bias controversy not named; verified no specific event in risk factors/MD&A.",High-profile Gemini bias event squarely within the 'discrimination'/'harmful content'/'reputational harm' AI risk family but not individually disclosed.,Seeming Pattern of Gemini Bias and Sociotechnical Training Failures Harm Google's Reputation
646,2024-02-22,Snap Inc.,SNAP,1564408,LISTED,both,T2-moderate,rubric,T3,medium,,,"Snap (CIK 0001564408). FY2023 10-K (0001564408-24-000019) contains 'personal injury' (efts confirms 1 hit) and platform-safety/minors risk language, but efts 'adolescent' = 0 hits (Snap does not reference the social-media adolescent personal-injury MDL by that term), and the specific matter (a court","Conservative T3: Snap carries same-family platform-safety-of-minors and product/personal-injury litigation risk language, but the specific Quick Add/Section 230 case is not individually named; evidence did not confirm it as an itemized pending legal proceeding (which would raise it toward T2). T3, m",Snapchat's Algorithm Alleged to Link Minor with Sex Offenders
647,2024-02-06,Alphabet Inc.,GOOGL,1652044,PARENT,both,T2-moderate,rubric,T3,medium,,,"Window 2024-02-06 to 2025-02-06. In-window FY2023 10-K (goog-20231231.htm, filed 2024-01-31) carries AI/ML technological-challenge risk language plus Other Bets/Waymo autonomous-technology risk; FY2024 10-K (filed 2025-02-05, edge) broadens Waymo safety/recall language but does not name this specifi",Waymo AV perception/collision incident covered by generic AI/ML + Other Bets technological risk language; event not specifically named => T3.,A Self-Driving Waymo Robotaxi Reportedly Collided with a Bicyclist
654,2024-03-06,Microsoft Corporation,MSFT,789019,LISTED,both,T2-moderate,rubric,T3,high,,,Window 2024-03-06..2025-03-06 includes FY2024 10-K (0000950170-24-087843) with 'flawed or biased'/'unintended or inappropriate' AI-harm risk language covering offensive/harmful generated content. Copilot Designer producing sexual/violent/biased images (engineer's FTC letter) is within that family; n,In-window generic AI risk-factor language of same family; event unnamed. T3.,Microsoft Copilot Designer Reportedly Generated Inappropriate AI Images
655,2024-01-11,"Meta Platforms, Inc.",META,1326801,LISTED,both,T2-moderate,rubric,T3,high,,,"efts q='deepfake' returned only proxy filings, but FY2024 10-K Risk Factors do address 'misinformation and deepfakes' and objectionable/fraudulent third-party activity, plus AI-moderation limits. The proliferation of investor-impersonation/deepfake scams on Facebook is not named as an event.",Same-family scam/deepfake/objectionable-third-party-activity risk language present; specific event not disclosed. T3.,Scams Reportedly Impersonating Wealthy Investors Proliferating on Facebook
674,2024-03-14,Alphabet Inc.,GOOGL,1652044,LISTED,developer,T1-limited,rubric,T3,medium,,,"FY2024 10-K risk factor: 'harmful content ... may create new avenues of abuse for bad actors' and 'Unintended consequences, uses, or customization of our AI tools.' Election-deepfake ecosystem not named.",Cross-industry election-disinformation phenomenon; Google is one of many generative-tool developers. Covered by generic bad-actor/misuse AI language; no specific disclosure.,Manipulated Media via AI Disinformation and Deepfakes in 2024 Elections Erode Trust Across More Than 50 Countries
684,2024-04-04,Alphabet Inc.,GOOGL,1652044,LISTED,both,T1-limited,rubric,T3,high,,,"FY2024 10-K: 'harmful content, inaccuracies' and product-quality risk 'If the quality of our products and services does not meet expectations.' Google Books AI-content indexing not named.",Product-quality/inaccuracy AI risk family present; specific event not disclosed.,Google Books Appears to Be Indexing Works Written by AI
686,2024-04-03,"Meta Platforms, Inc.",META,1326801,LISTED,both,T1-limited,rubric,T3,high,,,"FY2024 10-K AI-risk language: 'bias, discrimination' and inaccurate/harmful output. Meta's AI image generator failing to depict interracial couples is not named.",Same-family generative-AI bias risk language present; specific event not disclosed. T3.,Meta AI Image Generator Reportedly Fails to Accurately Represent Interracial Relationships
693,2024-05-14,Alphabet Inc.,GOOGL,1652044,LISTED,both,T1-limited,rubric,T3,high,,,"FY2024 10-K: 'harmful content, inaccuracies'; 'Unintended consequences ... may result in claims, lawsuits, brand or reputational harm.' AI Overviews 'confidently incorrect/harmful' outputs (glue-on-pizza era) not named; verified no specific example in filing.","Flagship AI-Overviews error wave; squarely in inaccuracies/harmful-content family, not individually disclosed.",Google AI Reportedly Delivering Confidently Incorrect and Harmful Information
696,2024-02-14,"Meta Platforms, Inc.",META,1326801,LISTED,both,T1-limited,rubric,T3,medium,,,FY2024 10-K discloses AI/automation-in-advertising risks and reliance on AI ad-ranking/optimization that may malfunction. The Advantage+ automated-ad overspending/CPM-surge affecting advertisers is not named as an event or litigation.,Same-family AI-ad-automation risk language present; specific Advantage+ overspend incident not disclosed. T3.,Meta's AI Ad Platform Reportedly Causes Overspending and Poor Performance
700,2024-05-20,"Meta Platforms, Inc.",META,1326801,LISTED,both,T1-limited,rubric,T3,medium,,,FY2024 10-K generative-AI risk language ('inaccurate ... or harmful content'; AI features may draw 'negative consumer perceptions' and 'ethical concerns'). Meta AI chatbots entering support communities uninvited and posting false/misleading info is not named.,Same-family generative-AI misleading-output risk language present; specific event not disclosed. T3.,Meta's AI Chatbots Are Reportedly Entering Online Support Communities Uninvited
707,2024-06-13,"Tesla, Inc.",TSLA,1318605,LISTED,developer,T3-severe,rubric,T3,high,,,"Autopilot crash into parked Fullerton CA police vehicle not named in filings. In-window 10-K = Tesla FY2024 (0001628280-25-003063, tsla-20241231.htm, filed 2025-01-30), which carries same-family Autopilot/FSD risk language: 'our vehicles have been involved and we expect in the future will be involve",Individual Autopilot crash not disclosed; same-family Autopilot/FSD risk language present in in-window 10-K -> GENERIC-RISK-LANGUAGE.,"Tesla Reportedly in Autopilot Mode Hits Parked Police Vehicle in Fullerton, California"
710,2024-04-15,"Meta Platforms, Inc.",META,1326801,LISTED,both,T1-limited,rubric,T3,high,,,FY2024 10-K content-moderation and AI-accuracy risk language ('accuracy'; automated systems susceptible to error; over-/under-enforcement of community standards). Facebook AI mislabeling Auschwitz Memorial photos as 'bullying'/'nudity' is not named.,Same-family AI-moderation-error risk language present; specific event not disclosed. T3.,Facebook AI Reportedly Mislabels Auschwitz Photos as 'Bullying' and 'Nudity'
711,2024-04-26,"Tesla, Inc.",TSLA,1318605,LISTED,both,T3-severe,rubric,T2,medium-high,,,"NHTSA's April 2024 probe into Autopilot (examining adequacy of Tesla's December 2023 recall of ~2M vehicles). Tesla's in-window FY2024 10-K (accession 0001628280-25-003063, tsla-20241231.htm, filed 2025-01-30) discloses the NHTSA/regulatory and DOJ Autopilot matters as legal/contingency items: EDGAR","The event itself is a NHTSA regulatory investigation/recall-adequacy probe. Tesla discloses the NHTSA Autopilot investigations, the December 2023 recall, and DOJ requests as legal/regulatory contingencies (NHTSA/recalls/DOJ bucket) -> LEGAL-PROCEEDINGS. Coded T2 rather than T1 because disclosure is ",NHTSA Opens New Probe into Tesla’s Autopilot Following More than a Dozen Fatal Accidents
712,2024-04-26,"Meta Platforms, Inc.",META,1326801,LISTED,both,T1-limited,rubric,T3,high,,,"FY2024 10-K AI-risk language explicitly includes 'inaccurate, defamatory or harmful content' and 'accuracy'. Meta AI chatbot fabricating sexual-harassment allegations against New York lawmakers is not named.",Same-family generative-AI hallucination/defamation risk language present; specific event not disclosed. T3.,Meta AI Hallucinates Harassment Allegations Against New York Politicians
714,2024-03-29,Microsoft Corporation,MSFT,789019,LISTED,developer,T1-limited,rubric,T3,high,,,Window 2024-03-29..2025-03-29 includes FY2024 10-K (0000950170-24-087843) with AI flawed/inaccurate-output risk language. Microsoft-powered NYC MyCity chatbot giving unlawful advice maps to inaccurate/harmful-output family; not named.,In-window generic AI risk-factor language of same family; event unnamed. T3.,Microsoft-Powered New York City Chatbot Advises Illegal Practices
718,2024-04-06,"Meta Platforms, Inc.",META,1326801,LISTED,both,T1-limited,rubric,T3,high,,,FY2024 10-K flags AI training-data risks and 'intellectual property infringement or misappropriation' plus litigation over training data. The report that Meta/Google/OpenAI overstepped legal boundaries gathering training data (primarily about OpenAI/YouTube) is not named; Meta's own named training-d,Same-family AI-training-data/IP risk language present; this specific multi-company report is not disclosed. T3.,"OpenAI, Google, and Meta Alleged to Have Overstepped Legal Boundaries for Training AI"
723,2024-05-13,"Meta Platforms, Inc.",META,1326801,LISTED,both,T1-limited,rubric,T3,high,,,"efts q='trafficking' = proxy only; no named matter. FY2024 10-K covers ad-delivery/targeting algorithm risk, child-safety scrutiny, and objectionable use. Instagram algorithmically directing a children's-merch ad campaign to adult men/sex offenders is not named.",Same-family ad-targeting and child-safety risk language present; specific event not disclosed. T3.,Instagram Algorithms Reportedly Directed Children's Merchandise Ad Campaign to Adult Men and Sex Offenders
726,2023-10-02,General Motors Company,GM,1467858,PARENT,both,T1-limited,rubric,T1,high,10-K Item 1 (Business/AV strategy) and Item 1A (Risk Factors); charge in Q4/FY2023 earnings 8-K special-items/EBIT-adjusted reconciliation and FY2023 10-K restructuring note (NOTE: the incident is NOT in the Legal Proceedings/Commitments & Contingencies note).,"yes -- $478 million 'Cruise restructuring' charge (Q4 and full-year 2023), described as non-cash restructuring, supplier-related and employee-separation charges 'resulting from Cruise voluntarily pausing its driverless, supervised and manual AV operations'; recorded as an EBIT-adjusted special item, not as an incident-specific legal reserve (no reserve for the investigations/settlement disclosed in the contingencies note).","GM FY2023 10-K (0001467858-24-000031, 2024-01-30), Item 1 Business and Item 1A Risk Factors: 'In October 2023, a hit-and-run accident involving a pedestrian and a third-party vehicle occurred, which resulted in the pedestrian being thrown into the path of a Cruise AV... the California DMV suspended ","The October 2023 Cruise pedestrian incident is explicitly narrated (event, DMV permit suspension, voluntary pause, and NHTSA/DOJ/SEC/DMV/CPUC investigations) in the FY2023 10-K and accompanied by a booked $478M Cruise restructuring charge -- a clear disclosed-specific T1.",A Self-Driving Cruise Robot Taxi Reportedly Struck and Dragged a Pedestrian 20 Feet
731,2023-12-01,"Meta Platforms, Inc.",META,1326801,LISTED,developer,T1-limited,rubric,T3,medium,,,FY2023/FY2024 10-K AI-risk language on 'accuracy' and 'inaccurate ... or harmful content'. The 'package hallucination' phenomenon (LLMs inventing package names later uploaded as malware) is a cross-industry LLM-accuracy report only loosely tied to Meta as a model developer; not named.,Same-family generative-AI-inaccuracy risk language present; specific event not disclosed and only tangentially Meta-specific. T3.,Purportedly Hallucinated Software Packages with Potential Malware Reportedly Downloaded Thousands of Times by Developers
733,2024-06-09,General Motors Company,GM,1467858,LISTED,deployer,T2-moderate,rubric,T2,high,"10-Q Note: Commitments, Contingencies and Uncertainties (litigation matters) -- FTC consent order + OnStar Smart Driver privacy class actions and state AG suits.","no -- FTC matter resolved via an injunctive administrative consent order (5-year ban on sharing/selling geolocation and driver-behavior data, per the FTC action); privacy class actions and state enforcement suits ongoing with no material reserve quantified in the disclosure.","GM Q1 2025 10-Q (0001467858-25-000096, 2025-05-01), Note 'Commitments, Contingencies and Uncertainties': 'The Company resolved a Federal Trade Commission investigation through an agreed administrative consent order,' and describes 'putative class actions pending against GM in federal courts... alleg","GM's OnStar Smart Driver data-collection/sharing (the automaker-side of the insurer telematics-scoring incident) surfaces in filings only as its legal/regulatory aftermath -- an FTC consent order plus privacy class actions and state suits -- disclosed without AI/algorithmic framing, i.e., T2.",Auto Insurers Allegedly Are Surreptitiously Collecting and Scoring Driver Data
734,2024-06-18,Microsoft Corporation,MSFT,789019,LISTED,both,T1-limited,rubric,T3,high,,,Window 2024-06-18..2025-06-18 includes FY2024 10-K (0000950170-24-087843) with AI flawed/harmful-output risk language. NewsGuard finding that leading chatbots (incl. Microsoft Copilot) repeat Russian/Pravda disinformation maps to the inaccurate/harmful-output family; not named.,"In-window generic AI risk-factor language of same family; event unnamed. T3. (2022 predecessor incident 968 is T4, pre-FY2023.)",Leading AI Models Reportedly Found to Mimic Russian Disinformation in 33% of Cases and to Cite Fake Moscow News Sites
743,2024-07-16,Alphabet Inc.,GOOGL,1652044,LISTED,both,T2-moderate,rubric,T3,high,,,"FY2024 10-K AI risk factor expressly lists 'data privacy' among AI-related risks; 'Unintended consequences, uses, or customization of our AI tools ... may negatively affect ... privacy.' Gemini/Drive-scanning claim not named.",AI data-privacy concern within enumerated AI risk family; specific claim not disclosed.,Gemini AI Allegedly Reads Google Drive Files Without Explicit User Consent
744,2024-06-25,Microsoft Corporation,MSFT,789019,LISTED,developer,T1-limited,rubric,T3,medium,,,Window 2024-06-25..2025-06-25 includes FY2024 10-K (0000950170-24-087843) whose AI risk factor covers products/services being 'less useful' and AI reliance on flawed/inaccurate data. CIO reports of Copilot 365 requiring more effort / producing incorrect output map to that reliability family; not nam,In-window generic AI risk-factor language of same (utility/accuracy) family; event unnamed. T3. Confidence medium as the incident is a diffuse enterprise-adoption observation.,"AI Work Assistants Require More Effort Than Expected, CIOs Say"
748,2024-06-19,"PayPal Holdings, Inc.",PYPL,1633917,LISTED,both,T1-limited,rubric,T3,medium,,,"PayPal (CIK 0001633917). The in-window FY2024 10-K (0001633917-25-000019, 2025-02-04) carries 'artificial intelligence' risk language (same family: PayPal's use of AI/ML and generative-AI in its products and customer interactions). The June-2024 episode of PayPal's generative-AI assistant erroneousl",Family-level AI-product risk language is present in the in-window 10-K; the specific chatbot error is not disclosed and carried no legal/financial consequence. T3.,Erroneous Declined Transaction Notification by PayPal AI Assistant
750,2024-07-22,"Meta Platforms, Inc.",META,1326801,LISTED,both,T1-limited,rubric,T3,high,,,"Generative-AI risk factor explicitly lists 'accuracy, misinformation and deepfakes (including related to elections)' as risks of Meta's AI (present Q2 2024 10-Q 2024-08-01 and FY2024 10-K). AI chatbots giving inaccurate real-time political news is precisely this family. Event not named.","Generative-AI factual-accuracy failure on breaking political news; on-point same-family language, event unnamed. T3.",AI Chatbots Reportedly Inaccurately Conveyed Real-Time Political News
758,2023-09-11,"Meta Platforms, Inc.",META,1326801,LISTED,deployer,T3-severe,rubric,T3,high,,,efts q='controlled substances' = ZERO HITS; no named drug-ad matter. FY2023/FY2024 10-Ks cover objectionable/illegal third-party content and ad-moderation-failure risk. The report linking a teen's overdose to Meta's failure to block illegal-drug ads is not named.,Same-family ad-moderation-failure / illegal-content risk language present; specific incident not disclosed. T3.,Teen's Overdose Reportedly Linked to Meta's AI Systems Failing to Block Ads for Illegal Drugs
770,2024-08-16,Microsoft Corporation,MSFT,789019,LISTED,both,T1-limited,rubric,T3,high,,,"Window 2024-08-16..2025-08-16 includes FY2024 10-K (0000950170-24-087843) and FY2025 10-K (0000950170-25-100235), both carrying AI harmful/inaccurate-output and liability risk language. Copilot falsely accusing journalist Martin Bernklau (defamation) maps to the harmful-output/legal-liability family",In-window generic AI risk-factor language of same family; event unnamed. T3.,Microsoft Copilot Falsely Accuses Journalist Martin Bernklau of Crimes
773,2024-08-20,Microsoft Corporation,MSFT,789019,LISTED,developer,T1-limited,rubric,T3,high,,,Window 2024-08-20..2025-08-20 includes FY2024 10-K (0000950170-24-087843) and FY2025 10-K (0000950170-25-100235) with AI harmful-output and personal-data risk language. Copilot surfacing a real person's name in a training scenario (privacy/harmful output) is within that family; not named.,In-window generic AI risk-factor language of same (privacy/harmful-output) family; event unnamed. T3.,Chatbot in Workplace Training at Bunbury Prison Reveals Real Names in Sexual Harassment Case
778,2024-09-04,"Amazon.com, Inc.",AMZN,1018724,LISTED,developer,T1-limited,rubric,T3,medium,,,"Window 2024-09-04 to 2025-09-04. In-window FY2024 10-K (0001018724-25-000004, filed 2025-02-07) carries generic AI/ML risk language ('our and our customers' development and use of artificial intelligence may result in ... claims'). Alexa political-bias responses are not named; no related legal proce",Alexa generative responses covered by generic AI risk language; incident not named => T3.,Amazon's Alexa Reportedly Shows Political Preference Error in Trump-Harris Presidential Race Queries
788,2024-06-20,"Meta Platforms, Inc.",META,1326801,LISTED,both,T1-limited,rubric,T3,high,,,FY2024 10-K minors/teen-safety risk factors (state laws 'restricting our ability to offer services to minors'; Nevada AG teen-encryption action; 'activities that threaten people's safety or well-being... including with respect to younger users' in FY2025 10-K) plus objectionable-content risk. Meta a,"Algorithmic recommendation of sexual content to teen accounts; same family as disclosed teen-safety risk factors and youth litigation, but the specific WSJ-tested event is not named and the MDL predates it. Conservative T3 (not T2, since the disclosed litigation is not a consequence of this incident",Instagram's Algorithm Reportedly Recommended Sexual Content to Teenagers' Accounts
789,2024-06-12,"Meta Platforms, Inc.",META,1326801,LISTED,both,T1-limited,rubric,T3,high,,,Same content-moderation/objectionable-content risk factor family in Q2 2024 10-Q (2024-08-01) and FY2024 10-K ('failure to prevent or limit spam or otherwise objectionable content'; enforcement-action risk). Wrongful spam-flagging of independent news publishers is the same family. Event not named.,"AI moderation false-positive against publishers; covered by generic content/enforcement risk language, not disclosed specifically. T3.",Independent News Sites Flagged as Spam by Facebook's AI Moderation System
791,2024-09-09,Alphabet Inc.,GOOGL,1652044,LISTED,both,T1-limited,rubric,T3,high,,,"FY2024 10-K: 'harmful content, inaccuracies.' AI Overview feces/potty-training error not named.",AI-Overviews inaccuracy within harmful-content/inaccuracies family; not individually disclosed.,Google AI Error Prompts Parents to Use Fecal Matter in Child Training Exercise
794,2024-08-13,Alphabet Inc.,GOOGL,1652044,PARENT,both,T1-limited,rubric,T3,medium,,,"FY2024 10-K: 'undetected errors, bugs, and/or vulnerabilities'; 'products or services are defective or require a recall'; Other Bets/transportation risk language. Waymo honking glitch not named; 'autonomous vehicles' phrase absent (Waymo described as 'fully autonomous driving technology').",Autonomous-vehicle software glitch covered by errors/bugs and product-defect/Other Bets risk families; not specifically disclosed.,Reported Glitch in Waymo Self-Driving Cars Purportedly Triggers Regular All-Night Honking in San Francisco
796,2024-06-01,"Meta Platforms, Inc.",META,1326801,LISTED,both,T1-limited,rubric,T3,high,,,"Q2 2024 10-Q (0001326801-24-000069, filed 2024-08-01) and FY2024 10-K carry harmful/objectionable-content and content-moderation-failure risk factors ('failure to prevent or limit spam or otherwise objectionable content'; risk that we 'take, or fail to take, actions to enforce our policies, that res",Automated content-moderation over-removal error; Meta discloses generic content-moderation and objectionable-content risk but never names discrete moderation-error events. Classic T3.,Facebook's Content Moderation System Flagged and Removed Emergency Updates as Spam During Wildfires
803,2024-05-14,"Meta Platforms, Inc.",META,1326801,LISTED,both,T1-limited,rubric,T3,high,,,"FY2024 10-K addresses AI-generated content, spam/objectionable content, misinformation, and scams, plus recommendation-algorithm risk. The report that Facebook's algorithm amplifies AI-generated spam/scam images is not named as an event.",Same-family AI-generated-content/spam/scam risk language present; specific event not disclosed. T3.,"Facebook's Algorithm Reportedly Amplifies AI-Generated Content, Fueling Misleading Posts"
838,2024-04-25,Microsoft Corporation,MSFT,789019,LISTED,both,T3-severe,rubric,T3,high,,,Window 2024-04-25..2025-04-25 includes FY2024 10-K (0000950170-24-087843) with AI flawed/inaccurate/harmful-output risk language. Copilot unsafe medical advice (54% accuracy study) is within that family; not named.,In-window generic AI risk-factor language of same family; event unnamed. T3.,Microsoft Copilot Allegedly Provides Unsafe Medical Advice with High Risk of Severe Harm
845,2024-11-13,Alphabet Inc.,GOOGL,1652044,LISTED,developer,T1-limited,rubric,T3,high,,,"FY2024 10-K: 'harmful content'; 'Unintended consequences ... may result in claims, lawsuits, brand or reputational harm.' Gemini 'Please die' threatening output not named.",Harmful-output event within harmful-content family; widely reported but not individually disclosed.,Google's Gemini Allegedly Generates Threatening Response in Routine Query
846,2021-10-06,"Meta Platforms, Inc.",META,1326801,LISTED,developer,T1-limited,rubric,T3,high,,,"efts q='Honduras' &ciks=1326801 returned only Conflict Minerals Reports (Form SD, e.g. 0001326801-23-000081) covering supply-chain due diligence, unrelated to the disinformation incident. FY2021 10-K covers 'use of our products or services for illicit or objectionable ends, including ... elections' ",No named disclosure of the Honduras election-disinformation campaign; election-integrity/objectionable-use risk language present. T3.,Social Media Algorithms Amplified Disinformation Campaign in Honduras Election
853,2024-02-03,Alphabet Inc.,GOOGL,1652044,PARENT,both,T1-limited,rubric,T3,medium,,,"Window 2024-02-03 to 2025-02-03. In-window FY2023 10-K (goog-20231231.htm, filed 2024-01-31) carries AI/ML technological-challenge risk language plus Other Bets/Waymo autonomous-technology risk. Passengers feeling trapped during a Waymo sensor obstruction is an AV-autonomy/safety event within the fa",Waymo AV sensor-obstruction incident covered by generic AI/ML + Other Bets technological risk language; event not named.,Two Passengers Report Feeling Trapped in Waymo Car During Sensor Obstruction
854,2024-09-30,Alphabet Inc.,GOOGL,1652044,PARENT,both,T1-limited,rubric,T3,medium,,,FY2024 10-K: Other Bets/transportation risk ('may not be successful or ... harm our reputation'); 'safety and/or well-being of our users.' Waymo stalled-harassment incident not named.,Waymo operational/safety event within Other Bets and user-safety families; not specifically disclosed.,Waymo Driverless Taxi Allegedly Stalled During Pedestrian Harassment Incident in San Francisco
857,2024-11-25,Alphabet Inc.,GOOGL,1652044,LISTED,both,T1-limited,rubric,T3,medium,,,"FY2024 10-K: 'products or services are defective or require a recall, it could harm our business, reputation'; AI-product 'inaccuracies.' Google Maps collapsed-bridge fatalities (India) not named; no related litigation disclosed (legal proceedings antitrust-only).","Mapping/navigation data error causing deaths; covered by product-defect and AI-inaccuracy families. Loosely within AI family (routing ML), no specific disclosure and no disclosed suit; medium confidence.","Navigation App Allegedly Directs Car Over Damaged Bridge in Uttar Pradesh, Resulting in Three Deaths"
859,2024-10-30,Alphabet Inc.,GOOGL,1652044,LISTED,both,T1-limited,rubric,T3,medium,,,"FY2024 10-K: 'harmful content, inaccuracies'; bad-actor/misuse AI language. Spanish-language AI election-misinformation study (multi-model) not named.",Multi-vendor misinformation finding within AI inaccuracies/misinformation family; not specifically disclosed.,AI Models Reportedly Found to Provide Misinformation on Election Processes in Spanish
861,2024-12-13,Apple Inc.,AAPL,320193,LISTED,both,T3-severe,rubric,T3,high,,,"Apple FY2024 10-K (0000320193-24-000123, filed 2024-11-01) and FY2025 10-K (0000320193-25-000079, filed 2025-10-31), both in-window for the 2024-12-13 incident, contain the AI-feature-harm risk language ('artificial intelligence features ... exposing users to harmful, inaccurate or other negative co",Generic same-family AI-inaccuracy/harm risk language present in in-window 10-Ks; the specific false-news-notification event is not named despite its salience. T3.,Apple Intelligence Reportedly Notified Users That Luigi Mangione Shot Himself and Benjamin Netanyahu Had Been Arrested
873,2024-12-10,Alphabet Inc.,GOOGL,1652044,LISTED,both,T2-moderate,rubric,T3,high,,,"FY2024 10-K: 'harmful content'; 'activities that threaten the safety and/or well-being of our users, including minors.' YouTube recommendation/eating-disorder amplification not named. EFTS 'addiction' = 0 hits in Alphabet 10-Ks -> social-media adolescent-addiction MDL NOT disclosed, so no T2.","Recommendation-algorithm harm to minors within harmful-content/user-safety family; related addiction litigation is not disclosed in filings, so remains T3 not T2.",YouTube Algorithms Allegedly Amplify Eating Disorder Content to Adolescent Girls
881,2024-12-27,Serve Robotics Inc.,SERV,1832483,LISTED,both,T1-limited,rubric,T3,low,,,"Serve Robotics (correct CIK 0001832483). Incident window 2024-12-27 to 2025-12-27. In-window filings include the FY2024 10-K (0001832483-25-000010, 2025-03-06) plus multiple 2025 8-Ks, all within the 35-hit 'artificial intelligence' corpus; Serve's risk factors address autonomous sidewalk-robot oper",Minor low-speed collision between a Waymo robotaxi and a Serve delivery bot; no litigation or material loss. Captured only by Serve's family-level autonomous-robot/AI operational-risk language; event not named. T3. [CIK corrected to 1832483; FY2024/25 10-K carries AI/autonomous risk language -> T3; specific collision not named.],Waymo Robotaxi Allegedly Collides With Serve Robotics Delivery Bot in Los Angeles
885,2025-01-03,"Meta Platforms, Inc.",META,1326801,LISTED,both,T1-limited,rubric,T3,high,,,"FY2024 10-K generative-AI risk factor covers 'harmful or illegal content... bias, discrimination, toxicity' from Meta's AI features. Meta AI fabricated personas (e.g., 'Liv','Grandpa Brian') exhibiting racism and false identity claims is the same family. Event not named.","First-party generative-AI persona producing biased/deceptive outputs; on-point same-family risk language, unnamed. T3.","Meta AI Characters Allegedly Exhibited Racism, Fabricated Identities, and Exploited User Trust"
889,2025-01-07,"Tesla, Inc.",TSLA,1318605,LISTED,both,T1-limited,rubric,T3,medium-high,,,'Actually Smart Summon'-linked parking-lot collisions and the associated NHTSA inquiry are not specifically named as a legal/safety matter in filings. Where 'Actually Smart Summon' does appear (Q3 2025 8-K earnings exhibit 0001628280-25-045861 and Q3 2025 10-Q 0001628280-25-045968) it is a product/r,Smart Summon appears only as a product/revenue item; the NHTSA collision probe is not specifically disclosed. Only same-family generic Autopilot/FSD risk language covers it -> GENERIC-RISK-LANGUAGE. Conservative T3 (not T2) because no legal proceeding names this event.,Tesla's 'Actually Smart Summon' Feature Reportedly Linked to Multiple Parking Lot Collisions
892,2024-08-05,Apple Inc.,AAPL,320193,LISTED,both,T1-limited,rubric,T3,high,,,"Apple FY2024 10-K (accession 0000320193-24-000123, filed 2024-11-01, aapl-20240928.htm), in-window for the 2024-08-05 incident, contains same-family AI-harm risk language: 'The introduction of new and complex technologies, such as artificial intelligence features, can increase these and other safety","In-window FY2024 10-K carries generic AI-feature-harm risk language (harmful/inaccurate content), but the specific scam-prioritization event is not named. T3.",Apple Intelligence Allegedly Flags Scam Messages as High Priority
934,2025-02-10,Alphabet Inc.,GOOGL,1652044,LISTED,developer,T1-limited,rubric,T3,low,,,"FY2024/FY2025 10-K: 'inaccuracies' and 'Unintended consequences, uses ... of our AI tools.' NHK AI-translation Senkaku/Diaoyu error not named; Google-product linkage is unclear in the incident record.",Weak/ambiguous Google linkage (NHK's own AI subtitle service); coded T3 on generic AI-inaccuracy language but with low confidence given tenuous attribution to an Alphabet product.,NHK Terminates AI Translation Service After Geopolitical Naming Error
939,2025-02-21,"Meta Platforms, Inc.",META,1326801,LISTED,developer,T2-moderate,rubric,T3,high,,,"FY2024 10-K third-party-misuse clause: 'we cannot guarantee that third parties will not use such AI technologies for improper purposes... We may not have insight into, or control over, the practices of third parties who may utilize such AI technologies' (referring to Meta's open-source models). A Ch","Third-party misuse of Meta's open-source model (Llama); squarely within the open-source-misuse risk factor, unnamed. T3.",AI-Powered Chinese Surveillance Campaign 'Peer Review' Used for Real-Time Monitoring of Anti-State Speech on Western Social Media
940,2025-02-17,"Tesla, Inc.",TSLA,1318605,LISTED,both,T1-limited,rubric,T3,high,,,"Cybertruck FSD crash into pole (Reno NV) not named in filings. In-window 10-K = Tesla FY2025 (accession 0001628280-26-003952, filed 2026-01-29; efts q=%22Autopilot%22 forms=10-K,10-Q ciks=0001318605 2026 confirms Autopilot present), which continues the same-family Autopilot/FSD safety+NHTSA risk lan",Individual FSD crash not disclosed; in-window FY2025 10-K carries same-family Autopilot/FSD risk language -> GENERIC-RISK-LANGUAGE.,Tesla Cybertruck Operating in Full Self-Driving Mode Reportedly Crashes into Pole in Nevada After Failing to Merge
952,2025-02-25,Apple Inc.,AAPL,320193,LISTED,both,T1-limited,rubric,T3,high,,,"Apple FY2025 10-K (0000320193-25-000079, filed 2025-10-31), in-window for the 2025-02-25 dictation-bug incident, contains the AI-feature-harm risk language ('artificial intelligence features ... exposing users to harmful, inaccurate or other negative content and experiences'). The specific speech-re",In-window FY2025 10-K carries generic AI-feature-harm/inaccuracy risk language; the dictation event is not named. T3.,Apple’s Voice Dictation Reportedly Substitutes ‘Trump’ for ‘Racist’ Due to Speech Recognition Bug
956,2025-02-28,Microsoft Corporation,MSFT,789019,LISTED,both,T1-limited,rubric,T3,medium,,,"Window 2025-02-28..2026-02-28 includes FY2025 10-K (0000950170-25-100235) with AI data-security and training-data risk language. Truffle Security's finding of 12,000 live API keys in Common Crawl LLM training data maps to the AI training-data/security family; Microsoft's role is peripheral and the e","In-window generic AI risk-factor language of same family; event unnamed and Microsoft only tangentially implicated. T3, medium confidence.","Alleged Inclusion of 12,000 Live API Keys in LLM Training Data Reportedly Poses Security Risks"
957,2025-02-28,"Meta Platforms, Inc.",META,1326801,LISTED,both,T1-limited,rubric,T3,high,,,"Q1 2025 10-Q (0001326801-25-000054, filed 2025-05-01) and FY2024 10-K objectionable-content, content-moderation-failure, and user-safety risk factors ('fail to respond expeditiously or appropriately to the sharing of content... that are illegal, illicit, or in violation of our policies'). An Instagr","Algorithmic amplification of violent content; generic objectionable-content/safety risk covers it, discrete malfunction not named. T3.",Alleged Instagram Algorithm Malfunction Floods Users' Reels Feeds with Violent and Graphic Content
963,2025-03-05,Alphabet Inc.,GOOGL,1652044,LISTED,both,T2-moderate,rubric,T3,high,,,"FY2024/FY2025 10-K: 'harmful content'; 'new avenues of abuse for bad actors'; 'safety ... of our users, including minors.' Google's Gemini deepfake-terrorism/CSAM disclosures to Australia's eSafety not named in SEC filings.",AI-generated abuse content within harmful-content/bad-actor/minor-safety family; Google's own regulator report is not an SEC disclosure; T3.,Google Reports Alleged Gemini-Generated Terrorism and Child Exploitation to Australian eSafety Commission
967,2025-03-06,Alphabet Inc.,GOOGL,1652044,LISTED,both,T1-limited,rubric,T3,medium,,,"FY2024/FY2025 10-K: 'harmful content, inaccuracies.' Google featured-snippet surfacing of AI 'Mein Kampf' praise not named; Amazon is the primary generator.",Search-surfaced harmful AI content within inaccuracies/harmful-content family; not specifically disclosed.,Amazon and Google AI Allegedly Promote Mein Kampf as 'a True Work of Art' in Search Results
968,2022-02-24,Microsoft Corporation,MSFT,789019,LISTED,developer,T1-limited,rubric,T4,high,,,"Window 2022-02-24..2023-02-24. In-window annual report FY2022 10-K (0001564590-22-026876, 2022-07-28) verified to contain NO AI-harm/disinformation risk-factor language (AI only in competition/investment context); FY2023 10-K (2023-07-27) falls just outside window. In-window 10-Qs add no AI risk lan","Pre-FY2023 window has no AI-harm risk-factor language of the disinformation/output-integrity family; unnamed. T4. (Contrast incident 734, the same story in 2024, which is T3.)","'Pravda' Network, Successor to 'Portal Kombat,' Allegedly Seeding AI Models with Kremlin Disinformation"
975,2025-03-05,Alphabet Inc.,GOOGL,1652044,LISTED,developer,T1-limited,rubric,T3,medium,,,"FY2024/FY2025 10-K: 'new avenues of abuse for bad actors'; 'Unintended consequences, uses, or customization of our AI tools.' 10,000-harmful-chatbots report (multi-vendor incl. Google API) not named.","Multi-vendor API-misuse phenomenon; Google is one of several providers; covered by generic bad-actor/customization language, not specifically disclosed.","At Least 10,000 AI Chatbots, Including Jailbroken Models, Allegedly Promote Eating Disorders, Self-Harm, and Sexualized Minors"
981,2025-03-05,Apple Inc.,AAPL,320193,LISTED,both,T1-limited,rubric,T3,high,,,"Apple FY2025 10-K (0000320193-25-000079, filed 2025-10-31), in-window for the 2025-03-05 incident, contains the AI-feature-harm risk language ('artificial intelligence features ... exposing users to harmful, inaccurate or other negative content and experiences'). The voicemail-transcription error in",Generic same-family AI-inaccuracy/harm risk language present in in-window 10-K; the voicemail-transcription event is not named. T3.,Apple AI Transcription Allegedly Inserts Explicit Language into Scottish Woman’s Voicemail
993,2025-03-12,Apple Inc.,AAPL,320193,LISTED,developer,T1-limited,rubric,T3,medium,,,"Apple FY2025 10-K (0000320193-25-000079, filed 2025-10-31), in-window for the 2025-03-12 NAPLAN predictive-text incident, contains AI-feature-harm risk language ('artificial intelligence features ... exposing users to harmful, inaccurate or other negative content and experiences'). The Sydney-school",In-window FY2025 10-K carries generic AI-feature/inaccuracy risk language of the same family (predictive text is a device AI/ML feature); the specific exam-integrity event is not named. Confidence medium because the incident's tie to Apple's disclosed AI-feature risk family is looser (device predict,Sydney Students Allegedly Forced to Retake NAPLAN After AI Predictive Text Error
995,2023-12-27,Microsoft Corporation,MSFT,789019,LISTED,both,T1-limited,rubric,T3,medium,,,"Window 2023-12-27..2024-12-27 includes FY2024 10-K (0000950170-24-087843) whose AI risk factor covers intellectual-property exposure from AI. NYT v. OpenAI/Microsoft copyright suit is NOT named in any MSFT filing: efts '""New York Times""' across MSFT filings in-window = 0 hits; 'copyright' returns on",Material AI-copyright suit against Microsoft exists but is not disclosed by name or as a proceeding; in-window FY2024 10-K carries generic AI-IP risk language of the same family. T3 (not T1/T2). Confidence medium given a real proceeding went undisclosed.,The New York Times Reportedly Sues OpenAI and Microsoft Over Alleged Unauthorized AI Training on Its Content
996,2020-10-25,"Meta Platforms, Inc.",META,1326801,LISTED,both,T1-limited,rubric,T4,medium,,,"No disclosure located in window. Incident window is 2020-10-25..2021-10-25; LLaMA did not exist until Feb 2023 and the authors' copyright suits (e.g. Kadrey v. Meta) were filed mid-2023. efts q=""LLaMA"" ciks=0001326801 first appears 2023-07-26 (earnings 8-K 0001326801-23-000089), all out of window. M",The Books3/LLaMA training-data copyright matter post-dates the window entirely (model and lawsuits are 2023) and has no same-family AI-training-copyright risk language in any in-window filing. T4.,"Meta Allegedly Used Books3, a Dataset of 191,000 Pirated Books, to Train LLaMA AI"
997,2023-02-28,"Meta Platforms, Inc.",META,1326801,LISTED,both,T1-limited,rubric,T1,medium,,,"efts q='Kadrey' &ciks=1326801 = 13 hits in Meta's OWN periodic filings, first appearing in FY2023 10-K (0001326801-24-000012, meta-20231231.htm, filed 2024-02-02) and multiple subsequent 10-Qs (e.g. 0001326801-24-000049 Q1-2024). Kadrey et al. v. Meta Platforms is the copyright class action alleging",The specific incident (using copyrighted/pirated books to train Llama) is disclosed via the named Kadrey copyright litigation in Meta's own periodic reports; the matter is inherently AI-training-data framed. Coded T1 (disclosed-specific). Confidence medium because verbatim AI-framing sentence could ,Meta and OpenAI Accused of Using LibGen’s Pirated Books to Train AI Models
1020,2025-04-11,"Meta Platforms, Inc.",META,1326801,LISTED,developer,T2-moderate,rubric,T3,high,,,"Q1 2025 10-Q (2025-05-01) third-party-misuse clause for Meta's open-source AI ('third parties will not use such AI technologies for improper purposes, including through the dissemination of illegal... harmful content') plus generative-AI 'harmful or illegal content' language. Misconfigured llama.cpp","Third-party unsafe deployment of Meta open-source stack generating illegal content; within open-source-misuse risk factor, unnamed. T3.",Reportedly Unsafe Deployment of Llama.cpp Reveals Interactive AI-Generated CSAM Roleplay Prompts
1040,2025-04-26,"Meta Platforms, Inc.",META,1326801,LISTED,both,T1-limited,rubric,T3,high,,,Q1 2025 10-Q (2025-05-01) generative-AI 'harmful or illegal content' risk plus minors/teen-safety risk factors. Meta AI and user-created companions engaging in sexual roleplay with minor personas is this family. Event not named; FTS 'chatbot' surfaces only an unrelated EU antitrust matter.,"First/third-party Meta AI companions producing sexual content to minor accounts; on-point same-family language, unnamed. T3.",Meta User-Created AI Companions Allegedly Implicated in Facilitating Sexually Themed Conversations Involving Underage Personas
1097,2025-06-12,Alphabet Inc.,GOOGL,1652044,LISTED,both,T3-severe,rubric,T3,high,,,"FY2024/FY2025 10-K: 'harmful content, inaccuracies.' AI Overview Airbus-vs-Boeing (Air India Flight 171) error not named.",AI-Overviews factual error within inaccuracies family; not specifically disclosed.,Google AI Overview Reportedly Misstates Aircraft Manufacturer as Airbus Instead of Boeing in Air India Flight 171 Crash
1101,2025-04-29,"Meta Platforms, Inc.",META,1326801,LISTED,both,T1-limited,rubric,T3,high,,,Q1 2025 10-Q (2025-05-01) generative-AI risk factor lists 'data privacy' among AI risks; general privacy/user-data risk factors also present. The Meta AI app 'Discover' feed inadvertently surfacing users' personal chats is this family. Event not named.,"Generative-AI product privacy failure (unintended public sharing of personal chats); same-family AI-data-privacy language present, event unnamed. T3.",Meta AI App Reportedly Publishes Personal Chats Without Users Fully Realizing
1106,2025-06-13,Microsoft Corporation,MSFT,789019,LISTED,both,T3-severe,rubric,T3,high,,,"Window 2025-06-13..2026-06-13 includes FY2025 10-K (0000950170-25-100235) with AI harmful-output/liability risk language ('used in ways that are unintended or inappropriate', potential harm to individuals). Chatbots reinforcing delusional/dangerous behavior maps to the harmful-output/harm-to-users f",In-window generic AI risk-factor language of same family; event unnamed. T3.,"Chatbots Allegedly Reinforced Delusional Thinking in Several Reported Users, Leading to Real-World Harm"
1108,2025-06-10,"Meta Platforms, Inc.",META,1326801,LISTED,both,T1-limited,rubric,T3,high,,,"Q2 2025 10-Q (0001628280-25-036791, filed 2025-07-31) and FY2025 10-K generative-AI risk factor lists 'consumer protection' among AI risks; FY2025 10-K also references 'inquiries and investigations by the FTC, members of Congress and state attorneys general' in the AI context. The FTC complaint alle","FTC complaint over chatbots impersonating therapists; Meta discloses generic AI consumer-protection risk and generic FTC/Congress/AG AI inquiries, but does not name this complaint as a proceeding. Same-family generic language => T3, not T2.",Digital Rights Groups Accuse Meta and Character.AI of Facilitating Unlicensed Therapy via Chatbots
1123,2025-06-26,Alphabet Inc.,GOOGL,1652044,LISTED,developer,T1-limited,rubric,T3,medium,,,"FY2024/FY2025 10-K: 'new avenues of abuse for bad actors'; 'Unintended consequences, uses ... of our AI tools.' Vietnam exam-cheating with Gemini/ChatGPT/StudyX not named; Google one of several tools.",Third-party misuse of generative tools (multi-vendor) within bad-actor/misuse family; not specifically disclosed.,"Reported Student Misuse of ChatGPT, StudyX, and Gemini to Obtain Answers During Vietnam's 2025 National High School Graduation Exam"
1128,2025-06-15,Alphabet Inc.,GOOGL,1652044,LISTED,developer,T1-limited,rubric,T3,medium,,,FY2024/FY2025 10-K: 'harmful content'/misinformation and 'new avenues of abuse for bad actors.' Veo 3 Philippine impeachment fake-student video not named.,Third-party political misuse of Google Veo; covered by generic bad-actor/misinformation language; not specifically disclosed.,Philippine Officials Reportedly Share Veo 3-Generated Video to Support Vice President Sara Duterte During Impeachment
1157,2025-07-14,Alphabet Inc.,GOOGL,1652044,LISTED,developer,T2-moderate,rubric,T3,high,,,"FY2024/FY2025 10-K: 'harmful content'; 'activities that threaten the safety and/or well-being of our users, including minors.' Gemini sexual role-play for minor-registered account not named.",Minor-safety/harmful-content AI failure within enumerated user-safety and harmful-content families; not specifically disclosed.,Google Gemini Reportedly Generates Sexual Role‑Play for Account Registered as Minor
1158,2025-07-17,"Amazon.com, Inc.",AMZN,1018724,LISTED,both,T1-limited,rubric,T3,medium,,,"Window 2025-07-17 to 2026-07-17. In-window Q2 2025 10-Q (0001018724-25-000086), Q3 2025 10-Q (0001018724-25-000123) and FY2025 10-K (0001018724-26-000004, filed 2026-02-06) carry generic AI/ML risk language plus AWS/security risk factors. The Amazon Q coding-assistant supply-chain compromise is not ",Amazon Q (AWS AI assistant) compromise covered by generic AI and security risk language; incident not named => T3.,Alleged Malicious Wiping Command Found in Amazon Q AI Assistant
1159,2025-05-10,Microsoft Corporation,MSFT,789019,LISTED,developer,T1-limited,rubric,T3,high,,,Window 2025-05-10..2026-05-10 includes FY2025 10-K (0000950170-25-100235) with AI flawed/inaccurate-output risk language. AI4Peat (Natural England + Microsoft) misclassifying granite/quarries as peat maps to the AI flawed-output/accuracy family; not named.,In-window generic AI risk-factor language of same family; event unnamed. T3.,Government‑Backed AI4Peat Mapping Tool Allegedly Misidentifies Granite Outcrops and Quarries as Peat
1164,2024-05-06,Alphabet Inc.,GOOGL,1652044,LISTED,both,T1-limited,rubric,T3,high,,,"FY2024 10-K: 'harmful content, inaccuracies' from 'evolving AI-related efforts'; 'we may not be able to identify or resolve all AI-related issues ... before they arise.' Med-Gemini 'basilar ganglia' hallucination not named.",Healthcare-AI inaccuracy within the inaccuracies risk family; not specifically disclosed.,Google Healthcare AI Model Med‑Gemini Allegedly Produces Non‑Existent 'Basilar Ganglia' Term in Published Output
1172,2024-12-26,"Meta Platforms, Inc.",META,1326801,LISTED,both,T1-limited,rubric,T3,medium,,,"FY2024 10-K (0001326801-25-000017, filed 2025-01-30) generative-AI risk factor lists 'data privacy, cybersecurity' among AI risks, and separate security-breach risk factor covers 'improper access to or disclosure of our data or user data, and other cyber incidents.' A Meta AI prompt-ID vulnerability",Security/data-exposure bug in Meta AI service; covered by generic AI-data-privacy and security-breach risk language. No incident-specific disclosure. T3.,Meta AI Bug in Deployed Service Reportedly Allowed Potential Access to Other Users' Prompts and Responses
1173,2025-06-23,Alphabet Inc.,GOOGL,1652044,LISTED,both,T1-limited,rubric,T3,high,,,"FY2025 10-K (acc 0001652044-26-000018) and FY2024 10-K: 'undetected errors, bugs, and/or vulnerabilities'; 'we may not be able to identify or resolve all AI-related issues ... before they arise.' Gemini self-deprecating-loop bug not named.",Model-behavior bug within errors/bugs and AI-issues risk family; not specifically disclosed.,Google Gemini Reportedly Exhibits Repetitive Self-Deprecating Responses Attributed to Bug
1174,2025-02-26,Microsoft Corporation,MSFT,789019,LISTED,both,T1-limited,rubric,T3,high,,,"Window 2025-02-26..2026-02-26 includes FY2025 10-K (0000950170-25-100235) carrying AI-harm ('unintended or inappropriate', 'flawed or biased') and data/security risk language. Copilot returning cached content from since-private GitHub repos maps to the AI data-exposure/security family; not named.",In-window generic AI risk-factor language of same family; event unnamed. T3.,Microsoft Copilot Reportedly Able to Access Cached Data from Since-Private GitHub Repositories
1176,2025-08-01,Microsoft Corporation,MSFT,789019,LISTED,both,T1-limited,rubric,T3,high,,,"In-window periodic report for the 2025-08-01 Windows Recall incident is the FY2026 10-K (0001193125-26-323660, filed 2026-07-29), continuing Microsoft's AI-harm risk family (flawed algorithms, biased/inaccurate data, privacy and legal-liability risks). Full-text search shows 'Windows Recall' appears","Despite high salience (Recall named in proxy shareholder proposals), Microsoft does not disclose the sensitive-data-capture incident in its periodic reports; only generic AI-harm risk language is present in the in-window 10-K. Proxy shareholder-proposal mentions are not company disclosure of the eve",Microsoft's Windows Recall Allegedly Stores Passwords and Social Security Numbers in Preview Mode
1178,2025-07-21,Alphabet Inc.,GOOGL,1652044,LISTED,both,T1-limited,rubric,T3,high,,,"FY2024/FY2025 10-K: 'undetected errors, bugs, and/or vulnerabilities'; 'we may not be able to identify or resolve all AI-related issues ... before they arise.' Gemini CLI file-deletion incident not named.",AI coding-assistant defect within errors/bugs and AI-issues family; not specifically disclosed.,Google Gemini CLI Reportedly Deletes User Files After Misinterpreting Command Sequence
1179,2025-06-30,McDonald's Corporation,MCD,63908,LISTED,both,T1-limited,rubric,T3,medium,,,"In-window annual: FY2025 10-K filed 2026-02-24 (acc 0000063908-26-000035, mcd-20251231.htm) — within the incident window (2025-06-30 to 2026-06-30). efts q=McHire&ciks=0000063908 returns ZERO hits (the Paradox/Olivia 64M-applicant exposure is not named). This filing is in the FY2023+ set where 'arti","The McHire data-exposure incident is not named. Generic same-family risk language (data privacy / cybersecurity / AI) is present in the in-window FY2025 10-K. Same-family generic risk, event not named => T3.",McDonald's McHire AI Recruitment Platform Reportedly Exposed Data of 64 Million Applicants via Default Login and API Vulnerability
1180,2025-03-25,"Meta Platforms, Inc.",META,1326801,LISTED,both,T3-severe,rubric,T3,high,,,"FTS 'Wongbandue' = 0 hits across all Meta filings; the wrongful-death matter is not disclosed by name. However, Q1 2025 10-Q (2025-05-01) generative-AI risk factor covers 'harmful... content... products liability' from Meta AI, and Q2 2026 contingencies confirm no named AI-companion wrongful-death p","Meta AI companion ('Big sis Billie') linked to a user's death; no named litigation or event-specific disclosure located, but same-family generative-AI harmful-output/products-liability risk language is present. Conservative T3 (not T2 -- no proceeding disclosed).","Purported Meta AI Chatbot Persona 'Big sis Billie' Reportedly Engages in Romantic Roleplay and Provides Address, Linked to User's Fatal Fall"
1181,2025-06-28,Alphabet Inc.,GOOGL,1652044,LISTED,developer,T1-limited,rubric,T3,medium,,,FY2024/FY2025 10-K: 'harmful content'/misinformation and 'new avenues of abuse for bad actors.' Bangladesh AI 'tiger market' Veo video not named.,Third-party misuse of Google Veo generating misleading video; covered by generic bad-actor/misinformation language; not specifically disclosed.,"Purported AI-Generated Video Reportedly Depicts Illegal Tiger Sales in Bagerhat, Bangladesh"
1186,2025-07-31,Microsoft Corporation,MSFT,789019,LISTED,both,T1-limited,rubric,T3,high,,,"Incident date 2025-07-31 is one day after Microsoft's FY2025 10-K filing (2025-07-30), so the in-window periodic report is the FY2026 10-K (accession 0001193125-26-323660, filed 2026-07-29, msft-20260630.htm), which continues Microsoft's AI-harm risk disclosure family (harmful/inaccurate AI content,",In-window FY2026 10-K carries continuing generic AI-risk (and data-security/privacy) language; the shared-conversation exposure event is not named. T3.,"Reported Public Exposure of Over 100,000 LLM Conversations via Share Links Indexed by Search Engines and Archived"
1187,2025-08-15,Alphabet Inc.,GOOGL,1652044,LISTED,developer,T1-limited,rubric,T3,high,,,"FY2024/FY2025 10-K: 'harmful content, inaccuracies'; 'new avenues of abuse for bad actors.' AI Overviews surfacing fraudulent cruise hotline not named.",AI-Overviews inaccuracy enabling scam within inaccuracies/harmful-content/bad-actor family; not specifically disclosed.,"Google AI Overviews and ChatGPT Reportedly Cited Fraudulent Cruise Hotline, Allegedly Enabling Successful Scam"
1188,2025-06-25,Microsoft Corporation,MSFT,789019,LISTED,both,T1-limited,rubric,T3,high,,,"Microsoft FY2025 10-K (accession 0000950170-25-100235, filed 2025-07-30, msft-20250630.htm), in-window for a 2025-06-25 incident, contains same-family AI-harm risk language: 'AI algorithms or training methodologies may be flawed. Datasets may be overbroad, insufficient, or contain biased or inaccura","Microsoft carries generic AI-harm risk language (flawed algorithms, biased data, harmful/inaccurate generated content) from FY2023 onward and in the in-window FY2025 10-K, but does not name this specific report or the CCP-alignment behavior of Copilot. Generic same-family AI risk language present, e",Multiple LLMs Reportedly Generated Responses Aligning with Purported CCP Censorship and Propaganda
1200,2025-08-28,"Meta Platforms, Inc.",META,1326801,LISTED,both,T3-severe,rubric,T3,high,,,"Q3 2025 10-Q (0001628280-25-047240, filed 2025-10-30) and FY2025 10-K generative-AI 'harmful or illegal content' risk plus minors/teen-safety risk factors ('safety or well-being... including with respect to younger users'). Meta AI co-planning suicide / eating-disorder roleplay with teen accounts is","Meta AI producing suicide/self-harm content to teen accounts; on-point same-family generative-AI + teen-safety risk language present, event unnamed and no specific proceeding disclosed. T3.",Meta AI on Instagram Reportedly Facilitated Suicide and Eating Disorder Roleplay with Teen Accounts
1205,2025-09-11,Alphabet Inc.,GOOGL,1652044,LISTED,both,T1-limited,rubric,T3,high,,,"FY2025 10-K risk factors cover AI 'harmful content, inaccuracies ... defamation' and reputational harm. Generative-AI amplification of false information during Kirk coverage falls within this family. Not named.","AI misinformation event; generic AI harmful-content/inaccuracy language present, not named. T3.",Multiple Generative AI Systems Reportedly Amplify False Information During Charlie Kirk Assassination Coverage
1210,2025-08-21,Alphabet Inc.,GOOGL,1652044,LISTED,developer,T1-limited,rubric,T3,high,,,FY2025 10-K risk factors: 'Features that rely on AI may be susceptible to unanticipated security threats' and AI risks include 'cybersecurity' and 'data privacy'. Malicious Nx npm packages weaponizing AI coding agents fall within AI-security-threat family. Not named in filings.,"Third-party supply-chain attack weaponizing AI coding agents; same-family AI security risk language present, event not named. T3.",Malicious Nx npm Packages Reportedly Weaponize AI Coding Agents for Data Exfiltration
1211,2025-08-19,Alphabet Inc.,GOOGL,1652044,LISTED,both,T1-limited,rubric,T3,high,,,"FY2025 10-K (0001652044-26-000018) risk factor: AI products 'may give rise to risks related to harmful content, inaccuracies ... defamation ... and other issues' and 'reputational harm and increased liability exposure.' AI Overviews false restaurant specials fall squarely within 'inaccuracies'/'harm","Google AI Overviews inaccuracy; covered by generic 'inaccuracies/harmful content' AI risk language, event not named. T3.","Google AI Overviews Reportedly Misrepresented Pizza Specials at Stefanina's in Wentzville, Missouri"
1218,2025-07-04,Microsoft Corporation,MSFT,789019,LISTED,both,T1-limited,rubric,T3,high,,,"Microsoft FY2025 10-K (0000950170-25-100235, filed 2025-07-30), in-window for the 2025-07-04 incident, states 'Content generated by AI systems may be offensive, illegal, inaccurate, or otherwise harmful' and that AI issues 'could result in legal liability, regulatory action, brand, reputational, or ",Same-family generic AI/Copilot risk language present in the in-window 10-K; the specific audit-log compliance vulnerability is not named. T3.,Microsoft 365 Copilot Vulnerability Allegedly Allowed File Access Without Audit Log Entry
1219,2025-07-02,"Meta Platforms, Inc.",META,1326801,LISTED,both,T1-limited,rubric,T3,high,,,Q2 2025 10-Q (2025-07-31) content-moderation-failure and user-safety risk factors ('fail to respond... appropriately'; enforcement-action removal risk). Wrongful account lockouts from automated CSAM-flagging false positives is this family. Event not named.,"Automated-moderation false positives locking out users; generic enforcement/moderation risk covers it, event unnamed. T3.",Meta Platforms Users Report Being Wrongfully Locked Out After Purported AI Moderation Flags Accounts for Child Exploitation Content
1223,2025-10-01,"Meta Platforms, Inc.",META,1326801,LISTED,both,T2-moderate,rubric,T3,high,,,Q3 2025 10-Q (2025-10-30) and FY2025 10-K generative-AI risk factor explicitly lists 'deepfakes (including related to elections)' and the third-party-misuse clause. AI-generated deepfake political ads impersonating public figures is squarely this family. Event not named.,"Third-party AI deepfake political ads; explicit same-family 'deepfakes/elections' risk language, unnamed. T3.","Purportedly AI-Generated Deepfake Ads on Facebook Reportedly Impersonate Trump, Musk, Ocasio-Cortez, Warren, Sanders, and Leavitt to Promote Fraudulent Rebates"
1224,2025-10-01,"Meta Platforms, Inc.",META,1326801,LISTED,developer,T2-moderate,rubric,T3,high,,,Q3 2025 10-Q (2025-10-30) and FY2025 10-K generative-AI 'deepfakes' risk plus third-party-misuse and objectionable-ad content risk factors. AI deepfake celebrity ads (Gisele Bundchen) on Instagram in a Brazilian fraud scheme is this family. Event not named.,"Third-party AI deepfake fraud ads; same-family deepfake/objectionable-ad risk language present, unnamed. T3.",Purportedly AI-Generated Deepfake Ads on Instagram Impersonate Gisele Bündchen and Other Celebrities in Brazilian Fraud Scheme
1247,2025-04-28,"Meta Platforms, Inc.",META,1326801,LISTED,both,T2-moderate,rubric,T3,high,,,FTS 'Starbuck' = 0 hits across all Meta filings -- the defamation suit is NOT disclosed by name. But Meta's generative-AI risk factor EXPLICITLY lists 'defamation' among AI-output risks (Q1 2025 10-Q 2025-05-01 and both 10-Ks: 'defamatory or harmful content'). Strong same-family match; event/suit no,"Meta AI defamation lawsuit (Robby Starbuck); the suit is not disclosed by name and is not in the contingencies note, but the AI risk factor explicitly enumerates 'defamation' -- textbook same-family generic language. Conservative T3 (not T2, suit not disclosed).","Meta AI Reportedly Generated Purportedly False Claims Linking Activist Robby Starbuck to January 6th Riot, Prompting Defamation Lawsuit"
1248,2025-10-22,Alphabet Inc.,GOOGL,1652044,LISTED,both,T2-moderate,rubric,T3,high,,,"FTS 'Starbuck' = 0 hits; not in Legal Proceedings (only antitrust named). FY2025 10-K risk factors expressly list 'defamation' and 'violation of rights of publicity' among AI-enabled-product risks, and note AI issues 'may result in claims, lawsuits.' Defamation suit covered by generic language, not ","Defamation lawsuit over Bard/Gemini/Gemma outputs; specific suit not disclosed (FTS 0) but 'defamation'/'claims, lawsuits' AI risk language present. T3.","Google's Bard, Gemini, and Gemma AI Systems Allegedly Generated Defamatory Claims About Activist Robby Starbuck, Prompting Lawsuit"
1251,2025-10-15,Alphabet Inc.,GOOGL,1652044,LISTED,both,T1-limited,rubric,T3,high,,,FY2025 10-K risk factors: AI 'inaccuracies' and 'harmful content' plus resulting 'increased regulatory scrutiny.' AI-generated hunting-regulation errors and multi-state agency warnings fall within inaccuracy family. Not named.,"AI search-result inaccuracy leading to citation; generic AI-inaccuracy language present, event not named. T3.",Purportedly AI-Generated Hunting Regulation Errors Reportedly Lead to Idaho Citation and Multi-State Warnings from Wildlife Agencies
1268,2025-11-06,"Meta Platforms, Inc.",META,1326801,LISTED,both,T1-limited,rubric,T3,medium,,,"FY2025 10-K (0001628280-26-003942, filed 2026-01-29) objectionable-content risk factor ('reductions of advertising... due to illegal, illicit, or otherwise objectionable content made available on our products by third parties') and content-moderation-failure risk. Reuters reporting that automated ad","Automated ad-system fraud monetization; covered by generic objectionable-/illegal-ad-content risk language, discrete Reuters findings not named. T3 (medium: the disclosure frames scam ads as a content-enforcement risk rather than an AI-specific event).",Meta's Automated Ad and Targeting Systems Reportedly Enabled Large-Scale Fraud Revenue
1269,2025-10-27,Alphabet Inc.,GOOGL,1652044,PARENT,both,T3-severe,rubric,T3,high,,,FY2025 10-K discloses Waymo fully autonomous ride-hailing operations and Other Bets emerging-technology risk (offerings 'may not be successful'). Autonomous-vehicle safety incidents fall within this family. No specific incident/NHTSA matter named (FTS 'NHTSA' = 0).,"Waymo AV struck/killed a cat; generic Waymo/AV risk framing present, event not named. T3.",Waymo Autonomous Vehicle Reportedly Ran Over and Killed a Cat in San Francisco
1277,2025-11-21,"Meta Platforms, Inc.",META,1326801,LISTED,both,T3-severe,rubric,T3,low,,,"FY2025 10-K (2026-01-29) generative-AI 'harmful or illegal content' plus minors-safety risk factors provide same-family language. However, this incident centers on third-party products (FoloToy 'Kumma', Miko, Character.AI), with only tangential Meta involvement; Meta discloses nothing specific and w","Harmful AI outputs in children's products predominantly by non-Meta firms; Meta's same-family generative-AI/minors risk language nominally applies, but Meta's role is peripheral and nothing incident-specific is disclosed. T3, low confidence.","Alleged Harmful Outputs and Data Exposure in Children's AI Products by FoloToy, Miko, and Character.AI"
1279,2025-11-18,Microsoft Corporation,MSFT,789019,LISTED,both,T1-limited,rubric,T3,high,,,"In-window periodic report for the 2025-11-18 incident is the FY2026 10-K (0001193125-26-323660, filed 2026-07-29), which carries Microsoft's generic AI-harm risk language ('Content generated by AI systems may be offensive, illegal, inaccurate, or otherwise harmful' and AI 'could result in legal liab",Same-family generic AI-inaccuracy/harm risk language present; the specific financial-advice error event is not named. T3.,Prominent AI Chatbots Allegedly Produced Incorrect UK Financial and ISA Guidance
1300,2025-12-04,Alphabet Inc.,GOOGL,1652044,PARENT,both,T1-limited,rubric,T3,high,,,FTS 'NHTSA' = 0 hits; probe not individually named. FY2025 10-K covers Waymo autonomous ride-hailing and emerging-technology risk with 'increased regulatory scrutiny' language. Waymo passing stopped school buses / NHTSA probe within AV safety+regulatory family.,"Waymo school-bus violations and NHTSA probe; generic AV safety/regulatory risk present, matter not named. T3.","Waymo Self-Driving Vehicles Reportedly Passed Stopped School Buses at Least 19 Times, Prompting NHTSA Probe"
1302,2025-12-11,Alphabet Inc.,GOOGL,1652044,LISTED,developer,T1-limited,rubric,T3,high,,,"FY2025 10-K risk factors: AI-enabled products give rise to 'harmful content ... violation of rights of publicity, defamation' risks; SynthID relates to AI content authenticity. Viral AI-generated image (SynthID-detected) is within AI harmful/synthetic-content family. Not named.","AI-generated deepfake image bearing Google SynthID; generic AI harmful/synthetic-content language present, event not named. T3.",Reported Viral AI-Generated Photo Purportedly Shows Donald Trump Using a Walker
1316,2025-12-19,Alphabet Inc.,GOOGL,1652044,LISTED,both,T1-limited,rubric,T3,high,,,FY2025 10-K risk factors expressly list 'defamation' and 'inaccuracies' among AI-enabled-product risks. AI search summary falsely implicating a musician is squarely defamation/inaccuracy family. Not named; no such litigation in Legal Proceedings.,"AI search summary defamatory inaccuracy; generic 'defamation/inaccuracies' AI language present, event not named. T3.","Google AI-Generated Search Summary Reportedly Falsely Implicated Canadian Musician in Sexual Offenses, Leading to Concert Cancellation"
1326,2025-12-20,Alphabet Inc.,GOOGL,1652044,PARENT,both,T1-limited,rubric,T3,high,,,FY2025 10-K Waymo autonomous ride-hailing operations and emerging-technology risk. Robotaxi behavior during a power outage causing gridlock is an AV operational event within this family. Not named.,"Waymo fleet contributing to gridlock during outage; generic AV operational-risk framing present, event not named. T3.",Waymo Robotaxis Allegedly Contributed to Traffic Gridlock During San Francisco PG&E Power Outage
1333,2026-01-03,Alphabet Inc.,GOOGL,1652044,LISTED,developer,T1-limited,rubric,T3,medium,,,Jan-2026 incident; forward FY2026 10-K window open (due ~Feb 2027). Same-family AI risk language present in FY2025 10-K and Q1 2026 10-Q: AI 'harmful content' and synthetic-media/publicity risks. AI-generated Maduro misinformation within this family; not named.,"AI-generated misinformation images; generic AI harmful/synthetic-content language present, event not named; 2026 forward window still open. T3.",Purportedly AI-Generated Images and Videos Reportedly Spread Misinformation About Nicolás Maduro's Capture on X
1337,2025-12-08,Alphabet Inc.,GOOGL,1652044,PARENT,both,T1-limited,rubric,T3,high,,,FY2025 10-K Waymo autonomous ride-hailing operations and Other Bets emerging-technology risk. Robotaxi failing to detect trapped occupant is an AV-operation/safety event within this family. Not named.,"Waymo transported undetected person in trunk; generic AV operational-risk framing present, event not named. T3.",Waymo Robotaxi Reportedly Transported Undetected Person Trapped in Trunk in Los Angeles
1358,2026-01-24,Alphabet Inc.,GOOGL,1652044,LISTED,developer,T3-severe,rubric,T3,medium,,,Jan-2026 incident; forward window open. Same-family AI language present: AI 'harmful content' and synthetic-media risks. AI-altered images distorting evidence within this family; not named.,"AI-altered images distorting evidence; generic AI harmful/synthetic-content language present, event not named. T3.",Purportedly AI-Altered Images Reportedly Distort Evidence After Minneapolis Shooting of ICU Nurse Alex Pretti
1361,2026-01-23,Alphabet Inc.,GOOGL,1652044,PARENT,both,T2-moderate,rubric,T3,medium,,,Jan-2026 incident; forward window open. FTS 'NHTSA' = 0 hits; probe not named. FY2025 10-K / Q1 2026 10-Q carry Waymo AV safety and 'increased regulatory scrutiny' emerging-technology risk language. Robotaxi striking a child (NHTSA filing) within AV safety+regulatory family.,"Waymo AV struck a child near a school; generic AV safety/regulatory risk framing present, incident/NHTSA matter not named. T3.","Waymo Autonomous Vehicle Reportedly Struck Child Near Elementary School in Santa Monica, California"
1369,2026-02-07,Alphabet Inc.,GOOGL,1652044,LISTED,developer,T1-limited,rubric,T3,medium,,,Feb-2026 incident; forward window open. FY2025 10-K / Q1 2026 10-Q carry AI harmful/synthetic-content and reputational-harm language; SynthID-flagged AI image within this family. Not named.,"SynthID-flagged AI-generated political image; generic AI synthetic-content language present, event not named. T3.",Purportedly AI-Generated Image Reportedly Circulated Ahead of Thai Election Depicting PM Anutin Charnvirakul Dining with Benjamin Mauerberger
1376,2026-02-15,"Amazon.com, Inc.",AMZN,1018724,LISTED,deployer,T1-limited,rubric,T4,low,,,"Window 2026-02-15 to 2027-02-15. FY2025 10-K (filed 2026-02-06) predates the incident and is therefore outside the window; in-window filings to date are Q1 2026 10-Q (0001018724-26-000014) and Q2 2026 10-Q (0001018724-26-000026), which do not carry AI/algorithm risk-factor language of the same famil",No incident-specific disclosure and no in-window same-family AI/algorithm risk language for GPS/satnav routing; weak Amazon-AI nexus => T4. Window still partly open.,Amazon Delivery Van Reportedly Became Stranded on Essex Mudflats After GPS Routed It Onto the Broomway
1386,2026-01-23,Alphabet Inc.,GOOGL,1652044,LISTED,both,T1-limited,rubric,T3,medium,,,FTS 'NotebookLM' returns only a generic FY2024 10-K product mention predating this Jan-2026 lawsuit; the voice-cloning suit itself is not disclosed. FY2025 10-K risk factors expressly list 'violation of rights of publicity' among AI-enabled-product risks. Litigation not named (not in Legal Proceedin,"Publicity-rights suit over NotebookLM synthetic voice; specific litigation not disclosed, but 'violation of rights of publicity' AI risk language present. T3.","NPR Host David Greene Alleged Google's NotebookLM Replicated His Voice Without Consent, Prompting Lawsuit"
1393,2026-02-12,Alphabet Inc.,GOOGL,1652044,LISTED,developer,T1-limited,rubric,T3,medium,,,"Feb-2026 incident; forward window open. FY2025 10-K risk factors: AI-enabled products risk 'harmful content, inaccuracies' and reputational harm. Chatbot fabricating personal anecdotes after Gemini upgrade within this family. Not named.","Gemini-powered chatbot hallucinated anecdotes; generic AI harmful-content/inaccuracy language present, event not named. T3.",Woolworths' Olive Chatbot Reportedly Generated 'Angry Mother' Anecdotes During Support Calls After Gemini Upgrade
1400,2025-10-24,Microsoft Corporation,MSFT,789019,LISTED,developer,T1-limited,rubric,T3,high,,,"In-window periodic report for the 2025-10-24 incident is the FY2026 10-K (0001193125-26-323660, filed 2026-07-29), continuing Microsoft's AI-harm risk family ('Content generated by AI systems may be offensive, illegal, inaccurate, or otherwise harmful'; 'Ineffective or inadequate AI development or d",Generic same-family AI-inaccuracy/harm risk language present in the in-window 10-K; the specific policing-intelligence error is not named. T3.,West Midlands Police Reportedly Relied on Erroneous Copilot-Generated Intelligence in Maccabi Tel Aviv Away-Fan Ban Decision
1401,2026-02-27,"Amazon.com, Inc.",AMZN,1018724,LISTED,both,T1-limited,rubric,T4,low,,,Window 2026-02-27 to 2027-02-27. Incident is a third party's (Washington State DOL) deployment of an AI phone system (AWS/Amazon as infrastructure vendor). FY2025 10-K (2026-02-06) predates the window; in-window filings to date are Q1 2026 and Q2 2026 10-Qs. No filing names the event; no legal proce,Third-party/customer deployment with no Amazon disclosure nexus and no in-window same-family risk language tied to the event => T4. Window still partly open.,Washington State DOL's AI Phone System Reportedly Failed to Provide Spanish-Language Service to Callers Requesting Spanish
1414,2026-03-05,Alphabet Inc.,GOOGL,1652044,LISTED,developer,T1-limited,rubric,T3,medium,,,Mar-2026 incident; forward window open. Same-family AI harmful/synthetic-content and reputational-harm language present. Purported Gemini-generated propaganda images (Gemini markers) within this family. Not named.,"Purported Gemini-generated disinformation images; generic AI synthetic-content language present, event not named. T3.",Purported Gemini-Generated AI Images Reportedly Claimed U.S. Delta Force Soldiers Were Captured by the IRGC
1418,2026-02-27,"Meta Platforms, Inc.",META,1326801,LISTED,both,T1-limited,rubric,T3,medium,,,"Q1 2026 10-Q (0001628280-26-028526, filed 2026-04-30) generative-AI risk factor lists 'data privacy' among AI risks; general privacy and human-review/data-handling and security risk factors also present (FTS confirms 'generative AI' in the Q1 2026 10-Q). Meta AI smart-glasses capturing intimate imag","AI device capturing intimate imagery exposed to human reviewers; same-family AI-data-privacy risk language present, discrete event unnamed. T3.",Meta AI Smart Glasses Reportedly Exposed Intimate User Imagery and Video to Human Reviewers in Kenya
1431,2025-09-29,Alphabet Inc.,GOOGL,1652044,LISTED,both,T3-severe,rubric,T3,high,,,"FTS 'Gavalas' = 0 hits; not in Legal Proceedings. FY2025 10-K risk factors: AI 'unintended consequences ... may result in claims, lawsuits, brand or reputational harm' and AI risks include 'harmful content' and 'minor protection.' Wrongful-death/self-harm chatbot claim covered by generic language, l","Wrongful-death suit alleging Gemini reinforced delusions; specific litigation not disclosed (FTS 0), but same-family 'unintended consequences/lawsuits/harmful content' AI language present. T3.","Google Gemini Reportedly Reinforced Delusions,  Allegedly Contributing to Florida User's Near-Harm Episode and Suicide"
1433,2025-11-27,Alphabet Inc.,GOOGL,1652044,LISTED,both,T1-limited,rubric,T3,high,,,"FTS 'Antigravity' = 0 hits. FY2025 10-K risk factors: AI risks include 'inaccuracies' and 'unintended consequences, uses, or customization of our AI tools and systems' that 'may result in claims, lawsuits, brand or reputational harm.' AI IDE deleting a drive falls within AI-tool unintended-consequen",Google Antigravity IDE destructive command; product/event not disclosed (FTS 0) but generic AI-tool unintended-consequences language present. T3.,Google Antigravity Reportedly Deleted User's Entire D: Drive While Clearing Project Cache
1436,2022-06-23,Integra LifeSciences Holdings,IART,917520,LISTED,developer,T1-limited,rubric,T4,high,,,"Integra LifeSciences (CIK 0000917520). Incident window 2022-06-23 to 2023-06-23. efts 'TruDi' in Integra filings first appears 2023-12-13 (0000917520-23-000077, the 8-K announcing the Acclarent acquisition) -- AFTER this window closes; at the June-2022 incident date the TruDi Navigation System was a","At the incident date the device belonged to Acclarent/J&J, not Integra; no in-window Integra filing mentions TruDi or the incident and there is no same-family AI risk language. T4.",AI-Enabled TruDi Navigation System Was Alleged to Have Contributed to Patient's Stroke During June 2022 Sinus Procedure
1471,2026-03-18,"Meta Platforms, Inc.",META,1326801,LISTED,both,T1-limited,rubric,T3,low,,,"Q1 2026 10-Q (2026-04-30) generative-AI risk factor lists 'cybersecurity, data privacy' among AI risks; broad security-breach/data-disclosure risk factor also present. An internal Meta AI agent giving advice that exposed sensitive data to unauthorized employees is loosely this family, but the risk f","Internal AI-agent operational data-exposure incident; only loosely within Meta's (user-facing) AI-data/security risk language, nothing incident-specific disclosed. T3, low confidence (borderline family fit).",Meta Internal AI Agent Reportedly Gave Advice That Allegedly Exposed Sensitive Data to Unauthorized Employees
1492,2026-02-28,Palantir Technologies Inc.,PLTR,1321655,LISTED,developer,T1-limited,rubric,T3,medium,,,"Palantir (CIK 0001321655). Incident 2026-02-28. The in-window quarterly filing is the Q1 2026 10-Q (0001321655-26-000028, filed 2026-05-04), which states its risk factors are incorporated by reference to the FY2025 10-K (filed 2026-02-17, i.e., 11 days before the incident and just outside the window","A classified/contested military-targeting strike would not be named in Palantir filings; the in-window 10-Q carries (by reference) only family-level defense/military-use controversy and AI risk language. T3, medium (in-window risk factors are incorporated by reference to a 10-K filed just before the",Purportedly AI-Enabled Targeting System Was Reportedly Implicated in Deadly U.S. Strike on Iranian Primary School
1493,2026-03-17,Alphabet Inc.,GOOGL,1652044,LISTED,both,T1-limited,rubric,T3,medium,,,Mar-2026 incident; forward window open. FY2025 10-K risk factors: AI 'inaccuracies' and 'harmful content.' Gemini giving false provenance for an authentic photo within inaccuracy family. Not named.,"Gemini false image-provenance inaccuracy; generic AI-inaccuracy language present, event not named. T3.",Gemini and Grok Reportedly Misidentified Authentic Minab School-Strike Graveyard Photo as Unrelated Disaster Imagery
1507,2026-05-30,Alphabet Inc.,GOOGL,1652044,LISTED,developer,T2-moderate,rubric,T3,medium,,,May-2026 incident; forward window open. FY2025 10-K risk factors: AI risks include 'data privacy' and 'cybersecurity'; third parties processing student data via Gemini falls within AI-data-privacy family. Not named.,"Alleged CBSE student-data privacy violation via Gemini processing by a third party; generic AI data-privacy risk language present, event not named. T3.",COEMPT Quality Assurance Engineers Allegedly Violated Indian CBSE Student Data Privacy Rights by Processing It with Google Gemini
1510,2026-05-31,"Meta Platforms, Inc.",META,1326801,LISTED,both,T1-limited,rubric,T3,medium,,,Q2 2026 10-Q (2026-07-30) generative-AI risk factor (including data privacy/cybersecurity) plus broad security-breach and 'intentional misuse of our services' risk factors. Hackers manipulating Meta's AI support chatbot to trigger account-recovery takeovers is this family (AI + social-engineering/se,"AI support-bot exploited for account takeovers; same-family AI + security/misuse risk language present, discrete event unnamed. T3.",Meta AI Support Bot Reportedly Enabled Takeovers of High-Profile Instagram Accounts
1512,2026-05-31,Microsoft Corporation,MSFT,789019,LISTED,developer,T1-limited,rubric,T3,high,,,"In-window periodic report for the 2026-05-31 incident is the FY2026 10-K (0001193125-26-323660, filed 2026-07-29), continuing Microsoft's AI-harm/reputational risk family. The Sydney Morning Herald / The Age removal of an opinion article prepared with Copilot is not named in any Microsoft periodic f",Generic same-family AI-use/reputational risk language present in the in-window 10-K; the specific media-retraction event is not named. T3.,The Sydney Morning Herald and The Age Removed an Opinion Article After Undisclosed Copilot Use
1523,2026-05-14,"Meta Platforms, Inc.",META,1326801,LISTED,developer,T1-limited,rubric,T3,high,,,"Q2 2026 10-Q (0001628280-26-050705, filed 2026-07-30) carries generative-AI risk language including 'deepfakes (including related to elections)' and the third-party-misuse clause (FTS confirms 'generative AI' in this 10-Q). AI-fabricated campaign videos of Kosovo candidates circulating on Facebook i","Third-party AI election deepfakes; explicit same-family deepfakes/elections risk language present, unnamed. T3.",Reported AI-Generated Videos Placed Kosovo Parliamentary Candidates in Purportedly Fabricated Campaign Scenes
1528,2023-05-19,Integra LifeSciences Holdings,IART,917520,LISTED,developer,T1-limited,rubric,T4,medium,,,Integra LifeSciences (CIK 0000917520). Incident window 2023-05-19 to 2024-05-19. Within this window 'TruDi' surfaces in Integra filings only in M&A context -- the 2023-12-13 8-K (0000917520-23-000077) announcing the Acclarent acquisition (closed 2024) and the acquisition-agreement exhibit EX-2.1C (0,TruDi is named in-window only as an acquired product in Integra's Acclarent-acquisition disclosures -- not as AI/navigation risk language and not tied to the stroke incident or litigation; the harm occurred pre-acquisition under Acclarent/J&J. No same-family AI risk language. T4 (medium: the product,AI-Enabled TruDi Navigation System Was Alleged to Have Contributed to Patient's Stroke During May 2023 Sinuplasty
1534,2026-05-01,Alphabet Inc.,GOOGL,1652044,LISTED,developer,T1-limited,rubric,T3,medium,,,FTS 'Outsider Enterprise' = 0 hits. May-2026 matter; Google is plaintiff (civil suit against a phishing network misusing Gemini). FY2025 10-K risk factors address AI misuse/'harmful content' and cybersecurity; the affirmative lawsuit is not a disclosed liability and is not named. Same-family AI-misu,Google-initiated suit over adversarial Gemini misuse for phishing; matter not disclosed (FTS 0) but generic AI-misuse/cybersecurity risk language present. T3.,Google Alleged Outsider Enterprise Used Gemini to Create Phishing Sites for Text-Message Scams
1537,2025-02-16,Alphabet Inc.,GOOGL,1652044,PARENT,both,T3-severe,rubric,T3,medium,,,"FY2024/FY2025 10-K: 'defective or require a recall'; 'undetected errors, bugs'; Other Bets/transportation risk. Waymo bike-lane collision not named; 'autonomous vehicles' absent from 10-Ks.",Autonomous-vehicle safety incident within product-defect/Other Bets/user-safety families; not specifically disclosed.,Two Waymo Robotaxis Allegedly Contributed to Bike-Lane Collision That Injured San Francisco Cyclist
1539,2025-08-26,"Amazon.com, Inc.",AMZN,1018724,PARENT,both,T1-limited,rubric,T3,medium,,,"Window 2025-08-26 to 2026-08-26. In-window FY2025 10-K (0001018724-26-000004, filed 2026-02-06) and 10-Qs carry generic AI/ML risk language and reference 'autonomous vehicles for ride-hailing' as an investment. Zoox is named only in 8-K earnings highlights, never in risk factors/legal proceedings; t",Zoox AV incident/recall covered by generic AI/autonomous risk language; event not named and no legal proceeding disclosed => T3.,Zoox Robotaxi Crossed Into Opposing Lane and Stopped Near Oncoming Traffic
1540,2026-01-17,"Amazon.com, Inc.",AMZN,1018724,PARENT,both,T1-limited,rubric,T3,medium,,,"Window 2026-01-17 to 2027-01-17. In-window FY2025 10-K (0001018724-26-000004, filed 2026-02-06) and Q1/Q2 2026 10-Qs carry generic AI/ML and 'autonomous' investment language. The Zoox door-collision injury is not named; Legal Proceedings (Q1 2026 10-Q) names no AV matter. Window remains partly open ","Zoox AV injury covered by generic AI/autonomous risk language; event not named, no legal proceeding disclosed => T3.","Zoox Robotaxi Reportedly Collided with Open Car Door, Allegedly Injuring San Francisco Street Ambassador"
1541,2026-01-07,Alphabet Inc.,GOOGL,1652044,PARENT,both,T1-limited,rubric,T3,medium,,,Jan-2026 incident; forward FY2026 10-K window open. Waymo AV operational/safety and emerging-technology risk language present in FY2025 10-K and Q1 2026 10-Q. Robotaxi entering light-rail tracks is an AV operational/safety event within this family. Not named (FTS 'NHTSA' = 0).,"Waymo AV entered light-rail tracks; generic AV operational-risk framing present, event not named. T3.","Waymo Robotaxi Reportedly Entered Phoenix Light-Rail Tracks, Prompting Passenger to Exit"
1543,2026-03-01,Alphabet Inc.,GOOGL,1652044,PARENT,both,T1-limited,rubric,T3,medium,,,Mar-2026 incident; forward FY2026 window open. FY2025 10-K / Q1 2026 10-Q Waymo AV operational and emerging-technology risk language present. Robotaxi briefly obstructing an ambulance is an AV operational event within this family. Not named.,"Waymo briefly obstructed ambulance; generic AV operational-risk framing present, event not named. T3.",Waymo Robotaxi Reportedly Obstructed Ambulance Responding to Austin Mass Shooting
1544,2026-04-20,Alphabet Inc.,GOOGL,1652044,PARENT,both,T1-limited,rubric,T3,medium,,,Apr-2026 incident; forward window open. Waymo AV operational/safety risk language present. Robotaxi entering flooded roadway and swept into waterway is an AV operational event within this family. Not named.,"Waymo AV swept into waterway; generic AV operational-risk framing present, event not named. T3.",Waymo Robotaxi Reportedly Entered Flooded San Antonio Roadway and Was Swept Into Waterway
1546,2023-02-03,Alphabet Inc.,GOOGL,1652044,LISTED,both,T1-limited,rubric,T3,medium,,,"Window 2023-02-03 to 2024-02-03. In-window FY2022 10-K (goog-20221231.htm, filed 2023-02-03, edge) and FY2023 10-K (0001652044-24-000022, goog-20231231.htm, filed 2024-01-31) carry AI/ML risk language; FY2023 adds explicit AI 'inaccuracies... and other issues' language. Android Earthquake Alerts und",ML earthquake-detection underestimation covered by generic + FY2023 AI-inaccuracy risk language; event not named.,Google Android Earthquake Alerts System Reportedly Underestimated Kahramanmaraş Earthquake and Failed to Send Urgent Warnings to Millions
1547,2026-04-11,Alphabet Inc.,GOOGL,1652044,PARENT,both,T1-limited,rubric,T3,medium,,,Apr-2026 incident; disclosable window covered by Q2 2026 10-Q / FY2026 10-K (forward window open). Waymo AV operational/safety and emerging-technology risk language present in prior filings. Robotaxis entering closed construction zones within AV safety family. Not named (FTS 'NHTSA' = 0).,"Waymo AVs entered closed freeway construction zones; generic AV safety/regulatory framing present, event not named; forward window open. T3.",Waymo Robotaxis Reportedly Entered Closed Freeway Construction Zones in Arizona and California
1552,2026-06-19,"Tesla, Inc.",TSLA,1318605,LISTED,developer,T3-severe,rubric,T3,high,,,"Fatal Katy TX home crash (driver-assist reportedly engaged, June 19 2026) not named in filings. FY2026 10-K (in-window) not yet filed as of 2026-08-03; the in-window quarterly is Tesla Q2 2026 10-Q (accession 0001628280-26-049270, filed 2026-07-23), which carries Autopilot language (efts q=%22Autopi",Recent fatal driver-assist crash not specifically disclosed; in-window Q2 2026 10-Q and standing FY2025 10-K carry same-family Autopilot/FSD risk language -> GENERIC-RISK-LANGUAGE.,Tesla Driver Reportedly Said Driver-Assistance Mode Was Engaged During Fatal Texas Home Crash
1557,2025-01-17,Alphabet Inc.,GOOGL,1652044,LISTED,developer,T1-limited,rubric,T3,medium,,,"FY2024 10-K (operative) and FY2025 10-K (acc 0001652044-26-000018): bad-actor abuse and 'misinformation'/'harmful content' AI language. Rinaldi campaign AI fake-endorsement matter not named; a local criminal prosecution of a third party, not litigation against Alphabet.",Third-party political misuse of AI; covered by generic bad-actor/misinformation language; no Alphabet-specific disclosure.,Former New York City Council Candidate Jonathan Rinaldi Allegedly Used AI to Create False Endorsements and Fabricated News Reports
1559,2022-06-22,Walmart Inc.,WMT,104169,LISTED,deployer,T1-limited,rubric,T4,high,,,Walmart (CIK 0000104169). efts 'Kalibrate' in Walmart filings = 0 hits; 'artificial intelligence' in Walmart 10-Ks for the incident window (2022-06-22 to 2023-06-22) = 0 hits. Walmart is at most a peripheral fuel retailer relative to this third-party fuel-pricing-software antitrust theory; the under,"Third-party Kalibrate fuel-pricing algorithm antitrust matter with only tangential Walmart involvement; not named, no same-family AI/algorithmic-pricing risk language in the in-window filing, and the operative complaint post-dates the window. T4.",Kalibrate Fuel Pricing Allegedly Enabled California Gas Station Operators to Coordinate Higher Pump Prices
1567,2026-03-22,Serve Robotics Inc.,SERV,1832483,LISTED,both,T1-limited,rubric,T3,low,,,"Serve Robotics (correct CIK 0001832483). Incident 2026-03-22; window runs to 2027 but filings exist only through the present (2026-08-03). The FY2025 10-K (0001832483-26-000010, 2026-03-12) was filed 10 days BEFORE the incident (just pre-window); the in-window filing is the Q1 2026 10-Q (0001832483-","Operational sidewalk-robot crash into a glass bus shelter (sensor detection failure); no disclosed legal/financial consequence. Only family-level autonomous-robot/AI risk language present in the in-window 10-Q; event not named. T3, medium (recent event, limited post-incident filing runway). [CIK corrected to 1832483; FY2024/25 10-K carries AI/autonomous risk language -> T3; specific collision not named.]",Serve Robotics Delivery Robot Reportedly Crashed into Chicago Bus Shelter After Failing to Detect Glass
1575,2026-01-20,"PayPal Holdings, Inc.",PYPL,1633917,LISTED,deployer,T1-limited,rubric,T3,low,,,PayPal (CIK 0001633917). efts 'Eightfold' in PayPal filings = 0 hits. This is a proposed class action against the third-party vendor Eightfold AI over its hiring platform; PayPal appears only as an employer-customer. PayPal's 10-Ks consistently carry generic AI/ML risk language (confirmed present in,"Vendor-tool employment-AI class action only loosely connected to PayPal's own disclosures; PayPal has family-level AI/algorithmic-decisioning risk language but nothing on hiring AI, and neither Eightfold nor the suit is named. Coded T3 on the presence of same-broad-family AI risk language (low confi",Eightfold AI Hiring Tools Allegedly Secretly Scored Job Applicants for Employers
1583,2026-07-04,Alphabet Inc.,GOOGL,1652044,PARENT,both,T1-limited,rubric,T3,medium,,,"The July 4 2026 Waymo robotaxi firework fire (unoccupied, no injuries) is not named in any Alphabet filing. Waymo is named in Alphabet FY2025 10-K (0001652044-26-000018, filed 2026-02-05) and Q1 2026 10-Q (0001652044-26-000048); Other Bets/transportation and AI-product risk language present, though ","Minor no-injury Waymo vehicle fire; not specifically disclosed. Alphabet names Waymo and carries same-family autonomous/AI-product risk language, but no event-specific disclosure -> GENERIC-RISK-LANGUAGE. Confidence medium because AV-specific safety/liability language is thin.",Waymo Robotaxi Reportedly Caught Fire After Driving Over Firework in San Francisco
1584,2026-05-20,"Meta Platforms, Inc.",META,1326801,LISTED,both,T1-limited,rubric,T3,low,,,"Q2 2026 10-Q (2026-07-30) generative-AI risk factor lists 'bias, discrimination' among AI risks, providing a nominal same-family anchor. But that language addresses discriminatory AI outputs/content, not internal AI-assisted employment/RIF decisions; no employment-discrimination proceeding on this m","AI-assisted layoff alleged to disparately select protected-leave employees; an employment/HR-AI matter only loosely connected to Meta's product-focused 'AI bias/discrimination' risk language, and no litigation is disclosed. Coded T3 at low confidence given the tenuous family fit (arguably T4).",Meta's AI-Assisted Layoff Process Allegedly Disproportionately Selected Employees on Protected Leave
1588,2026-06-29,Alphabet Inc.,GOOGL,1652044,LISTED,developer,T1-limited,rubric,T3,medium,,,"Alphabet does not name this Myanmar forced-scamming/'KT platform' event in any filing (the platform is not a Google product; Google's linkage is tangential). Same-family generative-AI misuse/harm risk language is present. Alphabet FY2025 10-K (accession 0001652044-26-000018, filed 2026-02-05): 'Issu","Alphabet carries generative-AI harm/misuse risk language (matured AI-harm family from FY2018 baseline). The specific KT-platform trafficking/scam event is not disclosed and is not attributable to a Google product; only same-family AI-misuse risk language exists -> GENERIC-RISK-LANGUAGE, event not na",Purportedly AI-Powered KT Platform Reportedly Used in Forced Scamming Operation Involving Trafficked Worker in Myanmar
1589,2024-04-01,Alphabet Inc.,GOOGL,1652044,LISTED,developer,T1-limited,rubric,T3,medium,,,FY2024 10-K: 'Increased use of AI ... may create new avenues of abuse for bad actors.' 007TG scam platform not named; Google linkage is peripheral (AI-assisted messaging/translation).,"Third-party scam tooling only loosely tied to Google; falls under generic bad-actor abuse language, not specifically disclosed.",Purportedly AI-Powered 007TG Platform Reportedly Used by Scam Networks Linked to $75 Million in Proceeds
1599,2026-05-09,Alphabet Inc.,GOOGL,1652044,PARENT,both,T3-severe,rubric,T3,medium,,,May-2026 incident; forward window open. Waymo AV operational/safety risk language present in prior filings. Robotaxi remaining immobilized during vandalism with passenger inside is an AV operational/safety event within this family. Not named.,"Waymo AV immobilized during vandalism; generic AV operational-risk framing present, event not named. T3.",Waymo Robotaxi Reportedly Remained Immobilized While Vandals Smashed Vehicle with Passenger Inside
1602,2026-06-20,"Amazon.com, Inc.",AMZN,1018724,PARENT,both,T1-limited,rubric,T3,low,,,"Window 2026-06-20 to 2027-06-20. In-window filing available to date is Q2 2026 10-Q (0001018724-26-000026, filed 2026-07-31), which carries 'autonomous' risk/MD&A language and incorporates AI risk factors. The smoke-detection recall / fire-scene event is not named. Window is largely open (future Q3 ",Zoox AV recall covered by generic AI/autonomous risk language; event not named => T3. Low confidence because most of the disclosure window has not yet elapsed.,"Zoox Autonomous Vehicle Reportedly Entered Smoke-Obscured Fire Scene, Prompting Heavy-Smoke Detection Recall"
